Angle,Intensity
10.00656514,1493
10.01969542,1539
10.03282571,1495
10.04595599,1457
10.05908627,1502
10.07221655,1525
10.08534684,1505
10.09847712,1531
10.1116074,1457
10.12473768,1504
10.13786797,1533
10.15099825,1553
10.16412853,1538
10.17725882,1570
10.1903891,1547
10.20351938,1584
10.21664966,1486
10.22977995,1531
10.24291023,1557
10.25604051,1520
10.26917079,1518
10.28230108,1511
10.29543136,1487
10.30856164,1456
10.32169192,1469
10.33482221,1514
10.34795249,1439
10.36108277,1448
10.37421306,1554
10.38734334,1485
10.40047362,1525
10.4136039,1453
10.42673419,1498
10.43986447,1524
10.45299475,1483
10.46612503,1503
10.47925532,1464
10.4923856,1497
10.50551588,1491
10.51864616,1498
10.53177645,1491
10.54490673,1546
10.55803701,1567
10.5711673,1502
10.58429758,1525
10.59742786,1504
10.61055814,1565
10.62368843,1488
10.63681871,1499
10.64994899,1483
10.66307927,1529
10.67620956,1470
10.68933984,1526
10.70247012,1492
10.71560041,1535
10.72873069,1447
10.74186097,1543
10.75499125,1451
10.76812154,1466
10.78125182,1469
10.7943821,1575
10.80751238,1505
10.82064267,1562
10.83377295,1476
10.84690323,1583
10.86003351,1450
10.8731638,1405
10.88629408,1471
10.89942436,1504
10.91255465,1508
10.92568493,1443
10.93881521,1513
10.95194549,1577
10.96507578,1454
10.97820606,1483
10.99133634,1470
11.00446662,1519
11.01759691,1443
11.03072719,1470
11.04385747,1539
11.05698775,1457
11.07011804,1459
11.08324832,1507
11.0963786,1511
11.10950889,1459
11.12263917,1435
11.13576945,1457
11.14889973,1451
11.16203002,1462
11.1751603,1502
11.18829058,1477
11.20142086,1477
11.21455115,1469
11.22768143,1493
11.24081171,1496
11.25394199,1533
11.26707228,1502
11.28020256,1483
11.29333284,1485
11.30646313,1512
11.31959341,1452
11.33272369,1473
11.34585397,1395
11.35898426,1512
11.37211454,1436
11.38524482,1465
11.3983751,1424
11.41150539,1438
11.42463567,1428
11.43776595,1479
11.45089624,1426
11.46402652,1433
11.4771568,1451
11.49028708,1401
11.50341737,1471
11.51654765,1508
11.52967793,1473
11.54280821,1427
11.5559385,1525
11.56906878,1452
11.58219906,1456
11.59532934,1488
11.60845963,1415
11.62158991,1435
11.63472019,1443
11.64785048,1450
11.66098076,1454
11.67411104,1435
11.68724132,1453
11.70037161,1484
11.71350189,1441
11.72663217,1562
11.73976245,1469
11.75289274,1514
11.76602302,1477
11.7791533,1464
11.79228358,1446
11.80541387,1525
11.81854415,1500
11.83167443,1412
11.84480472,1457
11.857935,1390
11.87106528,1450
11.88419556,1433
11.89732585,1462
11.91045613,1437
11.92358641,1421
11.93671669,1429
11.94984698,1470
11.96297726,1503
11.97610754,1519
11.98923782,1490
12.00236811,1463
12.01549839,1494
12.02862867,1388
12.04175896,1483
12.05488924,1476
12.06801952,1456
12.0811498,1464
12.09428009,1423
12.10741037,1439
12.12054065,1428
12.13367093,1406
12.14680122,1474
12.1599315,1487
12.17306178,1507
12.18619206,1455
12.19932235,1466
12.21245263,1486
12.22558291,1497
12.2387132,1435
12.25184348,1426
12.26497376,1431
12.27810404,1451
12.29123433,1477
12.30436461,1420
12.31749489,1428
12.33062517,1452
12.34375546,1454
12.35688574,1477
12.37001602,1406
12.38314631,1447
12.39627659,1421
12.40940687,1469
12.42253715,1497
12.43566744,1420
12.44879772,1472
12.461928,1393
12.47505828,1433
12.48818857,1440
12.50131885,1406
12.51444913,1422
12.52757941,1375
12.5407097,1391
12.55383998,1419
12.56697026,1387
12.58010055,1417
12.59323083,1443
12.60636111,1443
12.61949139,1475
12.63262168,1425
12.64575196,1433
12.65888224,1425
12.67201252,1456
12.68514281,1418
12.69827309,1464
12.71140337,1382
12.72453365,1427
12.73766394,1369
12.75079422,1454
12.7639245,1396
12.77705479,1436
12.79018507,1380
12.80331535,1390
12.81644563,1379
12.82957592,1432
12.8427062,1410
12.85583648,1422
12.86896676,1381
12.88209705,1448
12.89522733,1387
12.90835761,1431
12.92148789,1416
12.93461818,1475
12.94774846,1439
12.96087874,1384
12.97400903,1390
12.98713931,1412
13.00026959,1443
13.01339987,1529
13.02653016,1402
13.03966044,1389
13.05279072,1421
13.065921,1398
13.07905129,1425
13.09218157,1408
13.10531185,1431
13.11844214,1421
13.13157242,1370
13.1447027,1438
13.15783298,1401
13.17096327,1436
13.18409355,1376
13.19722383,1355
13.21035411,1380
13.2234844,1441
13.23661468,1386
13.24974496,1377
13.26287524,1428
13.27600553,1450
13.28913581,1395
13.30226609,1507
13.31539638,1416
13.32852666,1413
13.34165694,1416
13.35478722,1392
13.36791751,1453
13.38104779,1431
13.39417807,1378
13.40730835,1371
13.42043864,1424
13.43356892,1438
13.4466992,1408
13.45982948,1468
13.47295977,1438
13.48609005,1400
13.49922033,1362
13.51235062,1385
13.5254809,1395
13.53861118,1329
13.55174146,1401
13.56487175,1414
13.57800203,1393
13.59113231,1381
13.60426259,1409
13.61739288,1385
13.63052316,1419
13.64365344,1446
13.65678372,1374
13.66991401,1343
13.68304429,1402
13.69617457,1442
13.70930486,1478
13.72243514,1451
13.73556542,1417
13.7486957,1396
13.76182599,1449
13.77495627,1411
13.78808655,1414
13.80121683,1399
13.81434712,1427
13.8274774,1367
13.84060768,1370
13.85373796,1381
13.86686825,1363
13.87999853,1339
13.89312881,1422
13.9062591,1367
13.91938938,1356
13.93251966,1421
13.94564994,1390
13.95878023,1378
13.97191051,1340
13.98504079,1419
13.99817107,1471
14.01130136,1353
14.02443164,1410
14.03756192,1382
14.05069221,1378
14.06382249,1415
14.07695277,1335
14.09008305,1435
14.10321334,1386
14.11634362,1352
14.1294739,1400
14.14260418,1369
14.15573447,1386
14.16886475,1391
14.18199503,1387
14.19512531,1358
14.2082556,1419
14.22138588,1394
14.23451616,1417
14.24764645,1397
14.26077673,1444
14.27390701,1403
14.28703729,1382
14.30016758,1384
14.31329786,1489
14.32642814,1418
14.33955842,1412
14.35268871,1366
14.36581899,1359
14.37894927,1452
14.39207955,1379
14.40520984,1401
14.41834012,1407
14.4314704,1343
14.44460069,1463
14.45773097,1404
14.47086125,1412
14.48399153,1335
14.49712182,1389
14.5102521,1395
14.52338238,1408
14.53651266,1380
14.54964295,1358
14.56277323,1406
14.57590351,1387
14.58903379,1372
14.60216408,1395
14.61529436,1345
14.62842464,1473
14.64155493,1368
14.65468521,1383
14.66781549,1408
14.68094577,1405
14.69407606,1337
14.70720634,1342
14.72033662,1437
14.7334669,1373
14.74659719,1340
14.75972747,1386
14.77285775,1401
14.78598804,1371
14.79911832,1390
14.8122486,1359
14.82537888,1439
14.83850917,1294
14.85163945,1407
14.86476973,1369
14.87790001,1433
14.8910303,1373
14.90416058,1327
14.91729086,1402
14.93042114,1324
14.94355143,1342
14.95668171,1356
14.96981199,1384
14.98294228,1436
14.99607256,1425
15.00920284,1408
15.02233312,1364
15.03546341,1347
15.04859369,1375
15.06172397,1348
15.07485425,1315
15.08798454,1365
15.10111482,1369
15.1142451,1450
15.12737538,1398
15.14050567,1414
15.15363595,1355
15.16676623,1377
15.17989652,1353
15.1930268,1335
15.20615708,1400
15.21928736,1286
15.23241765,1391
15.24554793,1391
15.25867821,1454
15.27180849,1330
15.28493878,1305
15.29806906,1414
15.31119934,1393
15.32432962,1366
15.33745991,1344
15.35059019,1384
15.36372047,1340
15.37685076,1408
15.38998104,1441
15.40311132,1335
15.4162416,1376
15.42937189,1380
15.44250217,1351
15.45563245,1406
15.46876273,1381
15.48189302,1308
15.4950233,1331
15.50815358,1366
15.52128386,1394
15.53441415,1360
15.54754443,1450
15.56067471,1376
15.573805,1343
15.58693528,1363
15.60006556,1388
15.61319584,1307
15.62632613,1398
15.63945641,1325
15.65258669,1303
15.66571697,1318
15.67884726,1337
15.69197754,1319
15.70510782,1323
15.71823811,1348
15.73136839,1391
15.74449867,1324
15.75762895,1353
15.77075924,1301
15.78388952,1294
15.7970198,1396
15.81015008,1356
15.82328037,1353
15.83641065,1288
15.84954093,1331
15.86267121,1342
15.8758015,1413
15.88893178,1396
15.90206206,1325
15.91519235,1327
15.92832263,1401
15.94145291,1404
15.95458319,1375
15.96771348,1311
15.98084376,1298
15.99397404,1347
16.00710432,1349
16.02023461,1401
16.03336489,1410
16.04649517,1353
16.05962545,1309
16.07275574,1348
16.08588602,1294
16.0990163,1366
16.11214659,1329
16.12527687,1380
16.13840715,1338
16.15153743,1392
16.16466772,1455
16.177798,1343
16.19092828,1375
16.20405856,1352
16.21718885,1383
16.23031913,1395
16.24344941,1377
16.25657969,1393
16.26970998,1310
16.28284026,1358
16.29597054,1317
16.30910083,1302
16.32223111,1362
16.33536139,1384
16.34849167,1450
16.36162196,1326
16.37475224,1354
16.38788252,1370
16.4010128,1418
16.41414309,1303
16.42727337,1377
16.44040365,1337
16.45353394,1332
16.46666422,1325
16.4797945,1372
16.49292478,1355
16.50605507,1283
16.51918535,1430
16.53231563,1360
16.54544591,1363
16.5585762,1301
16.57170648,1338
16.58483676,1390
16.59796704,1342
16.61109733,1429
16.62422761,1395
16.63735789,1365
16.65048818,1332
16.66361846,1286
16.67674874,1300
16.68987902,1355
16.70300931,1334
16.71613959,1301
16.72926987,1297
16.74240015,1397
16.75553044,1345
16.76866072,1409
16.781791,1361
16.79492128,1353
16.80805157,1307
16.82118185,1262
16.83431213,1384
16.84744242,1317
16.8605727,1377
16.87370298,1346
16.88683326,1316
16.89996355,1391
16.91309383,1389
16.92622411,1369
16.93935439,1413
16.95248468,1310
16.96561496,1440
16.97874524,1336
16.99187552,1325
17.00500581,1424
17.01813609,1367
17.03126637,1361
17.04439666,1333
17.05752694,1301
17.07065722,1377
17.0837875,1283
17.09691779,1330
17.11004807,1381
17.12317835,1311
17.13630863,1372
17.14943892,1340
17.1625692,1303
17.17569948,1346
17.18882976,1317
17.20196005,1357
17.21509033,1324
17.22822061,1315
17.2413509,1318
17.25448118,1348
17.26761146,1346
17.28074174,1392
17.29387203,1322
17.30700231,1336
17.32013259,1332
17.33326287,1381
17.34639316,1329
17.35952344,1302
17.37265372,1310
17.38578401,1296
17.39891429,1350
17.41204457,1382
17.42517485,1407
17.43830514,1451
17.45143542,1404
17.4645657,1322
17.47769598,1341
17.49082627,1276
17.50395655,1388
17.51708683,1374
17.53021711,1406
17.5433474,1337
17.55647768,1413
17.56960796,1309
17.58273825,1411
17.59586853,1363
17.60899881,1284
17.62212909,1374
17.63525938,1375
17.64838966,1338
17.66151994,1407
17.67465022,1325
17.68778051,1362
17.70091079,1342
17.71404107,1374
17.72717135,1368
17.74030164,1337
17.75343192,1351
17.7665622,1318
17.77969249,1353
17.79282277,1385
17.80595305,1289
17.81908333,1326
17.83221362,1287
17.8453439,1432
17.85847418,1390
17.87160446,1347
17.88473475,1360
17.89786503,1312
17.91099531,1369
17.92412559,1405
17.93725588,1385
17.95038616,1345
17.96351644,1370
17.97664673,1448
17.98977701,1323
18.00290729,1421
18.01603757,1321
18.02916786,1367
18.04229814,1385
18.05542842,1357
18.0685587,1379
18.08168899,1377
18.09481927,1355
18.10794955,1404
18.12107984,1379
18.13421012,1324
18.1473404,1355
18.16047068,1327
18.17360097,1369
18.18673125,1372
18.19986153,1368
18.21299181,1399
18.2261221,1373
18.23925238,1334
18.25238266,1345
18.26551294,1297
18.27864323,1344
18.29177351,1370
18.30490379,1332
18.31803408,1363
18.33116436,1341
18.34429464,1421
18.35742492,1416
18.37055521,1398
18.38368549,1312
18.39681577,1396
18.40994605,1399
18.42307634,1296
18.43620662,1300
18.4493369,1298
18.46246718,1327
18.47559747,1367
18.48872775,1377
18.50185803,1313
18.51498832,1373
18.5281186,1310
18.54124888,1296
18.55437916,1343
18.56750945,1335
18.58063973,1374
18.59377001,1355
18.60690029,1472
18.62003058,1306
18.63316086,1390
18.64629114,1355
18.65942142,1374
18.67255171,1392
18.68568199,1391
18.69881227,1309
18.71194256,1406
18.72507284,1404
18.73820312,1279
18.7513334,1389
18.76446369,1353
18.77759397,1368
18.79072425,1331
18.80385453,1354
18.81698482,1327
18.8301151,1339
18.84324538,1343
18.85637566,1361
18.86950595,1294
18.88263623,1293
18.89576651,1373
18.9088968,1296
18.92202708,1298
18.93515736,1371
18.94828764,1338
18.96141793,1367
18.97454821,1407
18.98767849,1405
19.00080877,1342
19.01393906,1363
19.02706934,1339
19.04019962,1364
19.05332991,1373
19.06646019,1278
19.07959047,1293
19.09272075,1278
19.10585104,1343
19.11898132,1314
19.1321116,1373
19.14524188,1326
19.15837217,1386
19.17150245,1301
19.18463273,1483
19.19776301,1411
19.2108933,1368
19.22402358,1399
19.23715386,1314
19.25028415,1310
19.26341443,1368
19.27654471,1316
19.28967499,1376
19.30280528,1390
19.31593556,1332
19.32906584,1320
19.34219612,1324
19.35532641,1404
19.36845669,1396
19.38158697,1309
19.39471725,1378
19.40784754,1291
19.42097782,1307
19.4341081,1383
19.44723839,1351
19.46036867,1289
19.47349895,1306
19.48662923,1387
19.49975952,1340
19.5128898,1323
19.52602008,1446
19.53915036,1383
19.55228065,1405
19.56541093,1358
19.57854121,1379
19.59167149,1381
19.60480178,1310
19.61793206,1363
19.63106234,1325
19.64419263,1349
19.65732291,1333
19.67045319,1342
19.68358347,1331
19.69671376,1318
19.70984404,1341
19.72297432,1357
19.7361046,1346
19.74923489,1374
19.76236517,1347
19.77549545,1348
19.78862574,1339
19.80175602,1349
19.8148863,1278
19.82801658,1334
19.84114687,1390
19.85427715,1334
19.86740743,1282
19.88053771,1365
19.893668,1421
19.90679828,1391
19.91992856,1291
19.93305884,1339
19.94618913,1341
19.95931941,1337
19.97244969,1362
19.98557998,1369
19.99871026,1347
20.01184054,1377
20.02497082,1392
20.03810111,1324
20.05123139,1320
20.06436167,1435
20.07749195,1311
20.09062224,1343
20.10375252,1386
20.1168828,1365
20.13001308,1367
20.14314337,1310
20.15627365,1343
20.16940393,1338
20.18253422,1346
20.1956645,1289
20.20879478,1304
20.22192506,1402
20.23505535,1347
20.24818563,1339
20.26131591,1394
20.27444619,1346
20.28757648,1339
20.30070676,1367
20.31383704,1327
20.32696732,1377
20.34009761,1347
20.35322789,1350
20.36635817,1359
20.37948846,1331
20.39261874,1381
20.40574902,1339
20.4188793,1333
20.43200959,1285
20.44513987,1316
20.45827015,1383
20.47140043,1394
20.48453072,1293
20.497661,1361
20.51079128,1278
20.52392157,1284
20.53705185,1302
20.55018213,1358
20.56331241,1386
20.5764427,1333
20.58957298,1366
20.60270326,1354
20.61583354,1310
20.62896383,1393
20.64209411,1288
20.65522439,1324
20.66835467,1290
20.68148496,1305
20.69461524,1380
20.70774552,1331
20.72087581,1353
20.73400609,1311
20.74713637,1312
20.76026665,1265
20.77339694,1354
20.78652722,1398
20.7996575,1363
20.81278778,1341
20.82591807,1343
20.83904835,1317
20.85217863,1374
20.86530891,1269
20.8784392,1382
20.89156948,1307
20.90469976,1357
20.91783005,1351
20.93096033,1346
20.94409061,1284
20.95722089,1297
20.97035118,1287
20.98348146,1286
20.99661174,1296
21.00974202,1310
21.02287231,1311
21.03600259,1352
21.04913287,1340
21.06226315,1325
21.07539344,1331
21.08852372,1270
21.101654,1361
21.11478429,1315
21.12791457,1366
21.14104485,1412
21.15417513,1277
21.16730542,1257
21.1804357,1292
21.19356598,1354
21.20669626,1302
21.21982655,1322
21.23295683,1314
21.24608711,1376
21.25921739,1352
21.27234768,1315
21.28547796,1274
21.29860824,1329
21.31173853,1347
21.32486881,1322
21.33799909,1312
21.35112937,1329
21.36425966,1351
21.37738994,1269
21.39052022,1287
21.4036505,1382
21.41678079,1349
21.42991107,1359
21.44304135,1318
21.45617164,1333
21.46930192,1350
21.4824322,1276
21.49556248,1263
21.50869277,1359
21.52182305,1348
21.53495333,1261
21.54808361,1306
21.5612139,1346
21.57434418,1299
21.58747446,1354
21.60060474,1330
21.61373503,1290
21.62686531,1393
21.63999559,1306
21.65312588,1288
21.66625616,1331
21.67938644,1291
21.69251672,1333
21.70564701,1374
21.71877729,1315
21.73190757,1350
21.74503785,1412
21.75816814,1283
21.77129842,1258
21.7844287,1246
21.79755898,1330
21.81068927,1359
21.82381955,1345
21.83694983,1383
21.85008012,1324
21.8632104,1408
21.87634068,1289
21.88947096,1310
21.90260125,1270
21.91573153,1343
21.92886181,1393
21.94199209,1370
21.95512238,1263
21.96825266,1303
21.98138294,1323
21.99451322,1282
22.00764351,1265
22.02077379,1294
22.03390407,1314
22.04703436,1279
22.06016464,1358
22.07329492,1328
22.0864252,1299
22.09955549,1390
22.11268577,1313
22.12581605,1327
22.13894633,1326
22.15207662,1270
22.1652069,1290
22.17833718,1324
22.19146747,1367
22.20459775,1337
22.21772803,1227
22.23085831,1308
22.2439886,1313
22.25711888,1297
22.27024916,1309
22.28337944,1362
22.29650973,1321
22.30964001,1299
22.32277029,1290
22.33590057,1284
22.34903086,1348
22.36216114,1263
22.37529142,1262
22.38842171,1254
22.40155199,1280
22.41468227,1333
22.42781255,1316
22.44094284,1372
22.45407312,1291
22.4672034,1296
22.48033368,1354
22.49346397,1266
22.50659425,1253
22.51972453,1326
22.53285481,1299
22.5459851,1288
22.55911538,1269
22.57224566,1309
22.58537595,1222
22.59850623,1343
22.61163651,1307
22.62476679,1250
22.63789708,1282
22.65102736,1331
22.66415764,1299
22.67728792,1331
22.69041821,1266
22.70354849,1316
22.71667877,1304
22.72980905,1270
22.74293934,1311
22.75606962,1334
22.7691999,1288
22.78233019,1325
22.79546047,1238
22.80859075,1338
22.82172103,1284
22.83485132,1305
22.8479816,1317
22.86111188,1328
22.87424216,1266
22.88737245,1294
22.90050273,1245
22.91363301,1214
22.92676329,1256
22.93989358,1334
22.95302386,1270
22.96615414,1256
22.97928443,1236
22.99241471,1221
23.00554499,1236
23.01867527,1249
23.03180556,1318
23.04493584,1296
23.05806612,1272
23.0711964,1304
23.08432669,1218
23.09745697,1250
23.11058725,1283
23.12371754,1313
23.13684782,1268
23.1499781,1283
23.16310838,1301
23.17623867,1307
23.18936895,1241
23.20249923,1360
23.21562951,1324
23.2287598,1311
23.24189008,1268
23.25502036,1243
23.26815064,1253
23.28128093,1292
23.29441121,1310
23.30754149,1258
23.32067178,1174
23.33380206,1267
23.34693234,1304
23.36006262,1237
23.37319291,1254
23.38632319,1317
23.39945347,1305
23.41258375,1279
23.42571404,1264
23.43884432,1261
23.4519746,1281
23.46510488,1310
23.47823517,1252
23.49136545,1226
23.50449573,1304
23.51762602,1275
23.5307563,1235
23.54388658,1301
23.55701686,1317
23.57014715,1301
23.58327743,1288
23.59640771,1260
23.60953799,1278
23.62266828,1252
23.63579856,1270
23.64892884,1266
23.66205912,1267
23.67518941,1296
23.68831969,1268
23.70144997,1184
23.71458026,1300
23.72771054,1310
23.74084082,1295
23.7539711,1250
23.76710139,1275
23.78023167,1248
23.79336195,1287
23.80649223,1252
23.81962252,1307
23.8327528,1224
23.84588308,1169
23.85901337,1213
23.87214365,1315
23.88527393,1235
23.89840421,1268
23.9115345,1255
23.92466478,1254
23.93779506,1282
23.95092534,1281
23.96405563,1325
23.97718591,1200
23.99031619,1250
24.00344647,1269
24.01657676,1260
24.02970704,1181
24.04283732,1297
24.05596761,1254
24.06909789,1292
24.08222817,1299
24.09535845,1311
24.10848874,1286
24.12161902,1317
24.1347493,1269
24.14787958,1299
24.16100987,1269
24.17414015,1258
24.18727043,1271
24.20040071,1235
24.213531,1234
24.22666128,1260
24.23979156,1247
24.25292185,1292
24.26605213,1250
24.27918241,1233
24.29231269,1312
24.30544298,1245
24.31857326,1240
24.33170354,1213
24.34483382,1242
24.35796411,1231
24.37109439,1257
24.38422467,1217
24.39735495,1231
24.41048524,1241
24.42361552,1209
24.4367458,1268
24.44987609,1247
24.46300637,1283
24.47613665,1264
24.48926693,1189
24.50239722,1259
24.5155275,1303
24.52865778,1233
24.54178806,1228
24.55491835,1248
24.56804863,1272
24.58117891,1289
24.59430919,1327
24.60743948,1224
24.62056976,1269
24.63370004,1306
24.64683033,1230
24.65996061,1251
24.67309089,1282
24.68622117,1225
24.69935146,1303
24.71248174,1257
24.72561202,1250
24.7387423,1301
24.75187259,1214
24.76500287,1228
24.77813315,1217
24.79126344,1271
24.80439372,1254
24.817524,1182
24.83065428,1172
24.84378457,1274
24.85691485,1264
24.87004513,1254
24.88317541,1242
24.8963057,1235
24.90943598,1312
24.92256626,1257
24.93569654,1279
24.94882683,1211
24.96195711,1193
24.97508739,1216
24.98821768,1229
25.00134796,1272
25.01447824,1240
25.02760852,1232
25.04073881,1252
25.05386909,1322
25.06699937,1247
25.08012965,1192
25.09325994,1203
25.10639022,1207
25.1195205,1252
25.13265078,1167
25.14578107,1206
25.15891135,1250
25.17204163,1230
25.18517192,1230
25.1983022,1227
25.21143248,1197
25.22456276,1234
25.23769305,1246
25.25082333,1196
25.26395361,1225
25.27708389,1226
25.29021418,1157
25.30334446,1281
25.31647474,1270
25.32960502,1293
25.34273531,1227
25.35586559,1207
25.36899587,1219
25.38212616,1244
25.39525644,1240
25.40838672,1209
25.421517,1222
25.43464729,1242
25.44777757,1247
25.46090785,1249
25.47403813,1260
25.48716842,1213
25.5002987,1223
25.51342898,1268
25.52655927,1257
25.53968955,1229
25.55281983,1153
25.56595011,1253
25.5790804,1211
25.59221068,1255
25.60534096,1253
25.61847124,1223
25.63160153,1226
25.64473181,1202
25.65786209,1231
25.67099237,1218
25.68412266,1197
25.69725294,1254
25.71038322,1196
25.72351351,1220
25.73664379,1234
25.74977407,1268
25.76290435,1218
25.77603464,1258
25.78916492,1310
25.8022952,1197
25.81542548,1216
25.82855577,1207
25.84168605,1241
25.85481633,1193
25.86794661,1236
25.8810769,1271
25.89420718,1209
25.90733746,1234
25.92046775,1288
25.93359803,1249
25.94672831,1233
25.95985859,1244
25.97298888,1191
25.98611916,1228
25.99924944,1153
26.01237972,1253
26.02551001,1258
26.03864029,1196
26.05177057,1228
26.06490085,1273
26.07803114,1167
26.09116142,1258
26.1042917,1201
26.11742199,1265
26.13055227,1228
26.14368255,1202
26.15681283,1178
26.16994312,1207
26.1830734,1247
26.19620368,1181
26.20933396,1234
26.22246425,1224
26.23559453,1198
26.24872481,1227
26.26185509,1170
26.27498538,1227
26.28811566,1222
26.30124594,1198
26.31437623,1207
26.32750651,1262
26.34063679,1187
26.35376707,1184
26.36689736,1223
26.38002764,1277
26.39315792,1211
26.4062882,1171
26.41941849,1213
26.43254877,1254
26.44567905,1227
26.45880934,1181
26.47193962,1268
26.4850699,1214
26.49820018,1246
26.51133047,1231
26.52446075,1140
26.53759103,1198
26.55072131,1205
26.5638516,1253
26.57698188,1246
26.59011216,1226
26.60324244,1187
26.61637273,1213
26.62950301,1172
26.64263329,1241
26.65576358,1231
26.66889386,1200
26.68202414,1252
26.69515442,1192
26.70828471,1200
26.72141499,1197
26.73454527,1192
26.74767555,1215
26.76080584,1221
26.77393612,1189
26.7870664,1168
26.80019668,1238
26.81332697,1141
26.82645725,1198
26.83958753,1216
26.85271782,1226
26.8658481,1169
26.87897838,1144
26.89210866,1261
26.90523895,1232
26.91836923,1158
26.93149951,1212
26.94462979,1173
26.95776008,1243
26.97089036,1234
26.98402064,1186
26.99715092,1239
27.01028121,1211
27.02341149,1194
27.03654177,1223
27.04967206,1180
27.06280234,1238
27.07593262,1263
27.0890629,1165
27.10219319,1175
27.11532347,1183
27.12845375,1183
27.14158403,1167
27.15471432,1192
27.1678446,1197
27.18097488,1241
27.19410517,1228
27.20723545,1163
27.22036573,1214
27.23349601,1270
27.2466263,1254
27.25975658,1170
27.27288686,1139
27.28601714,1210
27.29914743,1236
27.31227771,1179
27.32540799,1206
27.33853827,1223
27.35166856,1195
27.36479884,1140
27.37792912,1138
27.39105941,1223
27.40418969,1164
27.41731997,1230
27.43045025,1118
27.44358054,1179
27.45671082,1211
27.4698411,1139
27.48297138,1191
27.49610167,1205
27.50923195,1162
27.52236223,1178
27.53549251,1217
27.5486228,1216
27.56175308,1194
27.57488336,1180
27.58801365,1250
27.60114393,1234
27.61427421,1152
27.62740449,1202
27.64053478,1243
27.65366506,1220
27.66679534,1183
27.67992562,1179
27.69305591,1233
27.70618619,1250
27.71931647,1258
27.73244675,1198
27.74557704,1228
27.75870732,1214
27.7718376,1195
27.78496789,1196
27.79809817,1191
27.81122845,1217
27.82435873,1185
27.83748902,1182
27.8506193,1252
27.86374958,1159
27.87687986,1234
27.89001015,1207
27.90314043,1174
27.91627071,1228
27.92940099,1203
27.94253128,1151
27.95566156,1194
27.96879184,1148
27.98192213,1179
27.99505241,1145
28.00818269,1192
28.02131297,1150
28.03444326,1205
28.04757354,1166
28.06070382,1212
28.0738341,1187
28.08696439,1159
28.10009467,1140
28.11322495,1141
28.12635524,1153
28.13948552,1107
28.1526158,1209
28.16574608,1186
28.17887637,1229
28.19200665,1193
28.20513693,1164
28.21826721,1162
28.2313975,1188
28.24452778,1170
28.25765806,1137
28.27078834,1201
28.28391863,1132
28.29704891,1243
28.31017919,1151
28.32330948,1160
28.33643976,1191
28.34957004,1174
28.36270032,1219
28.37583061,1203
28.38896089,1211
28.40209117,1168
28.41522145,1201
28.42835174,1159
28.44148202,1202
28.4546123,1151
28.46774258,1143
28.48087287,1142
28.49400315,1169
28.50713343,1206
28.52026372,1190
28.533394,1165
28.54652428,1178
28.55965456,1136
28.57278485,1196
28.58591513,1143
28.59904541,1177
28.61217569,1191
28.62530598,1221
28.63843626,1140
28.65156654,1140
28.66469682,1203
28.67782711,1228
28.69095739,1162
28.70408767,1196
28.71721796,1233
28.73034824,1153
28.74347852,1173
28.7566088,1187
28.76973909,1189
28.78286937,1144
28.79599965,1200
28.80912993,1183
28.82226022,1229
28.8353905,1147
28.84852078,1170
28.86165107,1171
28.87478135,1232
28.88791163,1158
28.90104191,1170
28.9141722,1177
28.92730248,1173
28.94043276,1174
28.95356304,1140
28.96669333,1102
28.97982361,1225
28.99295389,1149
29.00608417,1169
29.01921446,1174
29.03234474,1199
29.04547502,1189
29.05860531,1188
29.07173559,1152
29.08486587,1214
29.09799615,1159
29.11112644,1133
29.12425672,1178
29.137387,1180
29.15051728,1211
29.16364757,1124
29.17677785,1106
29.18990813,1178
29.20303841,1154
29.2161687,1144
29.22929898,1188
29.24242926,1131
29.25555955,1106
29.26868983,1177
29.28182011,1126
29.29495039,1147
29.30808068,1093
29.32121096,1130
29.33434124,1137
29.34747152,1167
29.36060181,1167
29.37373209,1115
29.38686237,1164
29.39999265,1110
29.41312294,1164
29.42625322,1183
29.4393835,1140
29.45251379,1086
29.46564407,1136
29.47877435,1122
29.49190463,1214
29.50503492,1104
29.5181652,1132
29.53129548,1112
29.54442576,1203
29.55755605,1172
29.57068633,1150
29.58381661,1156
29.5969469,1165
29.61007718,1217
29.62320746,1120
29.63633774,1166
29.64946803,1109
29.66259831,1161
29.67572859,1141
29.68885887,1111
29.70198916,1128
29.71511944,1168
29.72824972,1106
29.74138,1114
29.75451029,1134
29.76764057,1184
29.78077085,1183
29.79390114,1158
29.80703142,1140
29.8201617,1168
29.83329198,1108
29.84642227,1152
29.85955255,1108
29.87268283,1141
29.88581311,1154
29.8989434,1126
29.91207368,1147
29.92520396,1178
29.93833424,1162
29.95146453,1093
29.96459481,1226
29.97772509,1133
29.99085538,1167
30.00398566,1093
30.01711594,1110
30.03024622,1162
30.04337651,1151
30.05650679,1170
30.06963707,1155
30.08276735,1156
30.09589764,1164
30.10902792,1139
30.1221582,1188
30.13528848,1159
30.14841877,1085
30.16154905,1125
30.17467933,1139
30.18780962,1121
30.2009399,1147
30.21407018,1123
30.22720046,1179
30.24033075,1169
30.25346103,1063
30.26659131,1116
30.27972159,1085
30.29285188,1140
30.30598216,1148
30.31911244,1141
30.33224272,1117
30.34537301,1140
30.35850329,1135
30.37163357,1158
30.38476386,1120
30.39789414,1119
30.41102442,1131
30.4241547,1107
30.43728499,1141
30.45041527,1120
30.46354555,1121
30.47667583,1142
30.48980612,1112
30.5029364,1160
30.51606668,1159
30.52919697,1125
30.54232725,1149
30.55545753,1099
30.56858781,1086
30.5817181,1055
30.59484838,1051
30.60797866,1133
30.62110894,1111
30.63423923,1135
30.64736951,1096
30.66049979,1131
30.67363007,1076
30.68676036,1181
30.69989064,1052
30.71302092,1135
30.72615121,1107
30.73928149,1131
30.75241177,1144
30.76554205,1105
30.77867234,1097
30.79180262,1050
30.8049329,1118
30.81806318,1117
30.83119347,1081
30.84432375,1088
30.85745403,1114
30.87058431,1131
30.8837146,1105
30.89684488,1073
30.90997516,1097
30.92310545,1078
30.93623573,1126
30.94936601,1083
30.96249629,1083
30.97562658,1077
30.98875686,1025
31.00188714,1091
31.01501742,1074
31.02814771,1097
31.04127799,1167
31.05440827,1125
31.06753855,1096
31.08066884,1126
31.09379912,1099
31.1069294,1149
31.12005969,1030
31.13318997,1127
31.14632025,1140
31.15945053,1098
31.17258082,1104
31.1857111,1100
31.19884138,1043
31.21197166,1088
31.22510195,1082
31.23823223,1081
31.25136251,1072
31.2644928,1077
31.27762308,1124
31.29075336,1108
31.30388364,1147
31.31701393,1110
31.33014421,1069
31.34327449,1055
31.35640477,1051
31.36953506,1107
31.38266534,1112
31.39579562,1077
31.4089259,1078
31.42205619,1068
31.43518647,1055
31.44831675,1115
31.46144704,1066
31.47457732,1080
31.4877076,1110
31.50083788,1058
31.51396817,1032
31.52709845,1100
31.54022873,1133
31.55335901,1164
31.5664893,1089
31.57961958,1100
31.59274986,1086
31.60588014,1066
31.61901043,1151
31.63214071,1116
31.64527099,1143
31.65840128,1051
31.67153156,1128
31.68466184,1104
31.69779212,1084
31.71092241,1086
31.72405269,1083
31.73718297,1059
31.75031325,1061
31.76344354,1040
31.77657382,1064
31.7897041,1089
31.80283438,1057
31.81596467,1062
31.82909495,998
31.84222523,1107
31.85535552,1068
31.8684858,1003
31.88161608,1092
31.89474636,1119
31.90787665,1129
31.92100693,1040
31.93413721,1090
31.94726749,1073
31.96039778,1114
31.97352806,1066
31.98665834,1092
31.99978862,1097
32.01291891,1102
32.02604919,1051
32.03917947,1000
32.05230976,1060
32.06544004,1089
32.07857032,1080
32.0917006,1088
32.10483089,1088
32.11796117,1096
32.13109145,1050
32.14422173,1048
32.15735202,1033
32.1704823,1076
32.18361258,1060
32.19674287,966
32.20987315,1015
32.22300343,1083
32.23613371,1119
32.249264,1118
32.26239428,1065
32.27552456,1074
32.28865484,1030
32.30178513,1106
32.31491541,1085
32.32804569,1139
32.34117597,1074
32.35430626,1026
32.36743654,1110
32.38056682,1018
32.39369711,1109
32.40682739,990
32.41995767,1024
32.43308795,1067
32.44621824,1053
32.45934852,1040
32.4724788,1002
32.48560908,1043
32.49873937,1050
32.51186965,1068
32.52499993,991
32.53813021,1022
32.5512605,1028
32.56439078,1058
32.57752106,1000
32.59065135,1003
32.60378163,1056
32.61691191,990
32.63004219,1012
32.64317248,1023
32.65630276,999
32.66943304,1079
32.68256332,1067
32.69569361,1055
32.70882389,1064
32.72195417,1148
32.73508445,992
32.74821474,1087
32.76134502,1037
32.7744753,1075
32.78760559,998
32.80073587,1039
32.81386615,1060
32.82699643,1037
32.84012672,1009
32.853257,979
32.86638728,1034
32.87951756,999
32.89264785,1035
32.90577813,1084
32.91890841,1059
32.9320387,972
32.94516898,1034
32.95829926,1034
32.97142954,1024
32.98455983,1013
32.99769011,1023
33.01082039,1023
33.02395067,1047
33.03708096,1057
33.05021124,1016
33.06334152,995
33.0764718,1079
33.08960209,1002
33.10273237,1043
33.11586265,1004
33.12899294,1032
33.14212322,1023
33.1552535,1042
33.16838378,977
33.18151407,1025
33.19464435,996
33.20777463,984
33.22090491,1017
33.2340352,960
33.24716548,946
33.26029576,1045
33.27342604,1038
33.28655633,1045
33.29968661,1011
33.31281689,1030
33.32594718,972
33.33907746,1010
33.35220774,1003
33.36533802,985
33.37846831,1051
33.39159859,993
33.40472887,1070
33.41785915,1035
33.43098944,1026
33.44411972,1046
33.45725,1034
33.47038028,991
33.48351057,992
33.49664085,1047
33.50977113,990
33.52290142,982
33.5360317,932
33.54916198,951
33.56229226,1036
33.57542255,952
33.58855283,1001
33.60168311,1047
33.61481339,1010
33.62794368,965
33.64107396,997
33.65420424,1008
33.66733452,963
33.68046481,956
33.69359509,1009
33.70672537,943
33.71985566,992
33.73298594,992
33.74611622,1008
33.7592465,1004
33.77237679,996
33.78550707,990
33.79863735,953
33.81176763,1013
33.82489792,982
33.8380282,972
33.85115848,995
33.86428877,997
33.87741905,987
33.89054933,1000
33.90367961,995
33.9168099,960
33.92994018,1005
33.94307046,976
33.95620074,1010
33.96933103,977
33.98246131,956
33.99559159,980
34.00872187,973
34.02185216,1012
34.03498244,995
34.04811272,1023
34.06124301,928
34.07437329,889
34.08750357,1017
34.10063385,938
34.11376414,985
34.12689442,957
34.1400247,950
34.15315498,933
34.16628527,1011
34.17941555,973
34.19254583,952
34.20567611,1029
34.2188064,998
34.23193668,966
34.24506696,911
34.25819725,981
34.27132753,992
34.28445781,990
34.29758809,963
34.31071838,977
34.32384866,944
34.33697894,913
34.35010922,973
34.36323951,963
34.37636979,927
34.38950007,988
34.40263035,966
34.41576064,983
34.42889092,943
34.4420212,950
34.45515149,923
34.46828177,943
34.48141205,1007
34.49454233,936
34.50767262,919
34.5208029,988
34.53393318,963
34.54706346,928
34.56019375,1017
34.57332403,995
34.58645431,943
34.5995846,946
34.61271488,957
34.62584516,970
34.63897544,922
34.65210573,961
34.66523601,958
34.67836629,999
34.69149657,937
34.70462686,924
34.71775714,951
34.73088742,923
34.7440177,961
34.75714799,1017
34.77027827,958
34.78340855,1001
34.79653884,969
34.80966912,948
34.8227994,940
34.83592968,926
34.84905997,905
34.86219025,993
34.87532053,966
34.88845081,947
34.9015811,965
34.91471138,951
34.92784166,924
34.94097194,932
34.95410223,915
34.96723251,964
34.98036279,933
34.99349308,918
35.00662336,941
35.01975364,947
35.03288392,909
35.04601421,889
35.05914449,967
35.07227477,926
35.08540505,906
35.09853534,882
35.11166562,963
35.1247959,895
35.13792618,984
35.15105647,962
35.16418675,922
35.17731703,904
35.19044732,1008
35.2035776,887
35.21670788,919
35.22983816,895
35.24296845,1026
35.25609873,944
35.26922901,889
35.28235929,925
35.29548958,927
35.30861986,957
35.32175014,925
35.33488042,861
35.34801071,948
35.36114099,908
35.37427127,911
35.38740156,920
35.40053184,886
35.41366212,910
35.4267924,847
35.43992269,905
35.45305297,951
35.46618325,891
35.47931353,924
35.49244382,942
35.5055741,920
35.51870438,918
35.53183467,908
35.54496495,1003
35.55809523,883
35.57122551,888
35.5843558,918
35.59748608,895
35.61061636,900
35.62374664,899
35.63687693,891
35.65000721,903
35.66313749,919
35.67626777,953
35.68939806,895
35.70252834,883
35.71565862,900
35.72878891,976
35.74191919,888
35.75504947,933
35.76817975,929
35.78131004,925
35.79444032,872
35.8075706,900
35.82070088,862
35.83383117,907
35.84696145,909
35.86009173,910
35.87322201,925
35.8863523,929
35.89948258,854
35.91261286,931
35.92574315,968
35.93887343,951
35.95200371,887
35.96513399,879
35.97826428,892
35.99139456,867
36.00452484,859
36.01765512,883
36.03078541,911
36.04391569,881
36.05704597,916
36.07017625,914
36.08330654,902
36.09643682,834
36.1095671,889
36.12269739,857
36.13582767,855
36.14895795,893
36.16208823,901
36.17521852,884
36.1883488,866
36.20147908,912
36.21460936,893
36.22773965,906
36.24086993,874
36.25400021,859
36.2671305,828
36.28026078,922
36.29339106,889
36.30652134,930
36.31965163,893
36.33278191,882
36.34591219,840
36.35904247,879
36.37217276,840
36.38530304,855
36.39843332,837
36.4115636,896
36.42469389,881
36.43782417,897
36.45095445,851
36.46408474,809
36.47721502,923
36.4903453,851
36.50347558,871
36.51660587,843
36.52973615,861
36.54286643,884
36.55599671,858
36.569127,872
36.58225728,871
36.59538756,847
36.60851784,830
36.62164813,824
36.63477841,878
36.64790869,927
36.66103898,884
36.67416926,858
36.68729954,811
36.70042982,869
36.71356011,855
36.72669039,866
36.73982067,885
36.75295095,866
36.76608124,900
36.77921152,864
36.7923418,850
36.80547208,868
36.81860237,871
36.83173265,826
36.84486293,766
36.85799322,864
36.8711235,855
36.88425378,844
36.89738406,824
36.91051435,840
36.92364463,828
36.93677491,874
36.94990519,879
36.96303548,828
36.97616576,828
36.98929604,839
37.00242632,834
37.01555661,835
37.02868689,831
37.04181717,851
37.05494746,832
37.06807774,876
37.08120802,831
37.0943383,845
37.10746859,877
37.12059887,839
37.13372915,845
37.14685943,811
37.15998972,816
37.17312,835
37.18625028,896
37.19938057,794
37.21251085,857
37.22564113,854
37.23877141,801
37.2519017,848
37.26503198,796
37.27816226,860
37.29129254,816
37.30442283,861
37.31755311,836
37.33068339,785
37.34381367,820
37.35694396,814
37.37007424,891
37.38320452,862
37.39633481,862
37.40946509,843
37.42259537,780
37.43572565,795
37.44885594,862
37.46198622,837
37.4751165,834
37.48824678,815
37.50137707,792
37.51450735,805
37.52763763,866
37.54076791,863
37.5538982,796
37.56702848,863
37.58015876,799
37.59328905,798
37.60641933,851
37.61954961,839
37.63267989,868
37.64581018,877
37.65894046,866
37.67207074,805
37.68520102,844
37.69833131,836
37.71146159,839
37.72459187,803
37.73772215,822
37.75085244,816
37.76398272,841
37.777113,817
37.79024329,842
37.80337357,835
37.81650385,846
37.82963413,839
37.84276442,868
37.8558947,806
37.86902498,794
37.88215526,789
37.89528555,807
37.90841583,880
37.92154611,761
37.9346764,864
37.94780668,804
37.96093696,859
37.97406724,857
37.98719753,809
38.00032781,814
38.01345809,807
38.02658837,780
38.03971866,815
38.05284894,756
38.06597922,799
38.0791095,880
38.09223979,812
38.10537007,818
38.11850035,818
38.13163064,778
38.14476092,766
38.1578912,777
38.17102148,809
38.18415177,833
38.19728205,801
38.21041233,826
38.22354261,797
38.2366729,807
38.24980318,801
38.26293346,818
38.27606374,842
38.28919403,779
38.30232431,867
38.31545459,826
38.32858488,823
38.34171516,845
38.35484544,789
38.36797572,854
38.38110601,815
38.39423629,847
38.40736657,852
38.42049685,918
38.43362714,752
38.44675742,787
38.4598877,854
38.47301798,760
38.48614827,770
38.49927855,822
38.51240883,772
38.52553912,805
38.5386694,824
38.55179968,862
38.56492996,822
38.57806025,791
38.59119053,782
38.60432081,800
38.61745109,806
38.63058138,765
38.64371166,770
38.65684194,773
38.66997223,756
38.68310251,839
38.69623279,832
38.70936307,776
38.72249336,810
38.73562364,775
38.74875392,771
38.7618842,799
38.77501449,768
38.78814477,724
38.80127505,772
38.81440533,826
38.82753562,834
38.8406659,785
38.85379618,798
38.86692647,848
38.88005675,765
38.89318703,837
38.90631731,821
38.9194476,808
38.93257788,808
38.94570816,756
38.95883844,831
38.97196873,747
38.98509901,781
38.99822929,801
39.01135957,819
39.02448986,831
39.03762014,824
39.05075042,795
39.06388071,808
39.07701099,821
39.09014127,823
39.10327155,767
39.11640184,800
39.12953212,836
39.1426624,795
39.15579268,826
39.16892297,818
39.18205325,784
39.19518353,743
39.20831381,756
39.2214441,790
39.23457438,753
39.24770466,864
39.26083495,810
39.27396523,799
39.28709551,782
39.30022579,749
39.31335608,789
39.32648636,804
39.33961664,756
39.35274692,774
39.36587721,801
39.37900749,802
39.39213777,760
39.40526805,793
39.41839834,816
39.43152862,788
39.4446589,806
39.45778919,818
39.47091947,813
39.48404975,774
39.49718003,785
39.51031032,759
39.5234406,819
39.53657088,760
39.54970116,799
39.56283145,804
39.57596173,803
39.58909201,772
39.6022223,827
39.61535258,767
39.62848286,785
39.64161314,784
39.65474343,765
39.66787371,762
39.68100399,813
39.69413427,796
39.70726456,762
39.72039484,781
39.73352512,753
39.7466554,811
39.75978569,799
39.77291597,799
39.78604625,745
39.79917654,780
39.81230682,798
39.8254371,815
39.83856738,768
39.85169767,809
39.86482795,798
39.87795823,811
39.89108851,767
39.9042188,786
39.91734908,805
39.93047936,812
39.94360964,798
39.95673993,773
39.96987021,782
39.98300049,772
39.99613078,811
40.00926106,774
40.02239134,789
40.03552162,825
40.04865191,803
40.06178219,765
40.07491247,805
40.08804275,821
40.10117304,803
40.11430332,841
40.1274336,785
40.14056388,784
40.15369417,811
40.16682445,755
40.17995473,805
40.19308502,776
40.2062153,805
40.21934558,761
40.23247586,777
40.24560615,795
40.25873643,764
40.27186671,758
40.28499699,825
40.29812728,815
40.31125756,767
40.32438784,757
40.33751813,789
40.35064841,835
40.36377869,821
40.37690897,848
40.39003926,807
40.40316954,816
40.41629982,780
40.4294301,772
40.44256039,740
40.45569067,797
40.46882095,791
40.48195123,799
40.49508152,851
40.5082118,773
40.52134208,821
40.53447237,781
40.54760265,751
40.56073293,740
40.57386321,832
40.5869935,757
40.60012378,822
40.61325406,763
40.62638434,824
40.63951463,837
40.65264491,818
40.66577519,776
40.67890547,714
40.69203576,771
40.70516604,786
40.71829632,789
40.73142661,755
40.74455689,737
40.75768717,759
40.77081745,809
40.78394774,762
40.79707802,766
40.8102083,820
40.82333858,796
40.83646887,768
40.84959915,782
40.86272943,812
40.87585971,800
40.88899,824
40.90212028,782
40.91525056,806
40.92838085,820
40.94151113,800
40.95464141,773
40.96777169,824
40.98090198,788
40.99403226,780
41.00716254,804
41.02029282,749
41.03342311,801
41.04655339,746
41.05968367,769
41.07281395,799
41.08594424,774
41.09907452,735
41.1122048,787
41.12533509,760
41.13846537,787
41.15159565,783
41.16472593,778
41.17785622,731
41.1909865,826
41.20411678,766
41.21724706,794
41.23037735,790
41.24350763,765
41.25663791,837
41.2697682,756
41.28289848,762
41.29602876,782
41.30915904,730
41.32228933,747
41.33541961,740
41.34854989,796
41.36168017,745
41.37481046,752
41.38794074,743
41.40107102,740
41.4142013,777
41.42733159,796
41.44046187,802
41.45359215,801
41.46672244,754
41.47985272,761
41.492983,785
41.50611328,747
41.51924357,782
41.53237385,747
41.54550413,777
41.55863441,782
41.5717647,764
41.58489498,774
41.59802526,782
41.61115554,764
41.62428583,827
41.63741611,787
41.65054639,773
41.66367668,750
41.67680696,810
41.68993724,756
41.70306752,755
41.71619781,760
41.72932809,759
41.74245837,788
41.75558865,738
41.76871894,756
41.78184922,749
41.7949795,750
41.80810978,795
41.82124007,849
41.83437035,772
41.84750063,796
41.86063092,771
41.8737612,783
41.88689148,809
41.90002176,786
41.91315205,772
41.92628233,796
41.93941261,825
41.95254289,842
41.96567318,817
41.97880346,729
41.99193374,794
42.00506403,811
42.01819431,738
42.03132459,772
42.04445487,772
42.05758516,717
42.07071544,753
42.08384572,800
42.096976,793
42.11010629,720
42.12323657,819
42.13636685,739
42.14949713,732
42.16262742,747
42.1757577,759
42.18888798,832
42.20201827,823
42.21514855,737
42.22827883,784
42.24140911,759
42.2545394,837
42.26766968,825
42.28079996,727
42.29393024,750
42.30706053,750
42.32019081,815
42.33332109,779
42.34645137,725
42.35958166,753
42.37271194,785
42.38584222,748
42.39897251,726
42.41210279,741
42.42523307,830
42.43836335,778
42.45149364,786
42.46462392,784
42.4777542,718
42.49088448,769
42.50401477,754
42.51714505,817
42.53027533,711
42.54340561,796
42.5565359,777
42.56966618,768
42.58279646,789
42.59592675,732
42.60905703,765
42.62218731,753
42.63531759,728
42.64844788,743
42.66157816,744
42.67470844,759
42.68783872,772
42.70096901,791
42.71409929,766
42.72722957,795
42.74035985,761
42.75349014,748
42.76662042,747
42.7797507,734
42.79288099,749
42.80601127,735
42.81914155,750
42.83227183,739
42.84540212,739
42.8585324,827
42.87166268,814
42.88479296,721
42.89792325,789
42.91105353,815
42.92418381,780
42.9373141,748
42.95044438,789
42.96357466,751
42.97670494,789
42.98983523,754
43.00296551,748
43.01609579,723
43.02922607,765
43.04235636,751
43.05548664,786
43.06861692,735
43.0817472,736
43.09487749,757
43.10800777,752
43.12113805,771
43.13426834,707
43.14739862,713
43.1605289,791
43.17365918,755
43.18678947,775
43.19991975,800
43.21305003,773
43.22618031,774
43.2393106,794
43.25244088,747
43.26557116,714
43.27870144,715
43.29183173,788
43.30496201,761
43.31809229,699
43.33122258,769
43.34435286,733
43.35748314,768
43.37061342,787
43.38374371,779
43.39687399,781
43.41000427,725
43.42313455,749
43.43626484,746
43.44939512,764
43.4625254,755
43.47565568,758
43.48878597,747
43.50191625,760
43.51504653,788
43.52817682,745
43.5413071,733
43.55443738,693
43.56756766,748
43.58069795,772
43.59382823,765
43.60695851,724
43.62008879,721
43.63321908,776
43.64634936,751
43.65947964,792
43.67260993,767
43.68574021,731
43.69887049,741
43.71200077,771
43.72513106,758
43.73826134,753
43.75139162,776
43.7645219,695
43.77765219,736
43.79078247,800
43.80391275,751
43.81704303,725
43.83017332,735
43.8433036,758
43.85643388,777
43.86956417,743
43.88269445,779
43.89582473,721
43.90895501,717
43.9220853,751
43.93521558,744
43.94834586,729
43.96147614,726
43.97460643,748
43.98773671,779
44.00086699,728
44.01399727,762
44.02712756,759
44.04025784,730
44.05338812,695
44.06651841,728
44.07964869,782
44.09277897,762
44.10590925,766
44.11903954,774
44.13216982,720
44.1453001,723
44.15843038,712
44.17156067,752
44.18469095,709
44.19782123,750
44.21095151,774
44.2240818,789
44.23721208,751
44.25034236,771
44.26347265,763
44.27660293,818
44.28973321,774
44.30286349,744
44.31599378,674
44.32912406,681
44.34225434,755
44.35538462,774
44.36851491,758
44.38164519,747
44.39477547,715
44.40790575,735
44.42103604,674
44.43416632,754
44.4472966,729
44.46042689,789
44.47355717,756
44.48668745,720
44.49981773,753
44.51294802,747
44.5260783,720
44.53920858,715
44.55233886,742
44.56546915,710
44.57859943,730
44.59172971,718
44.60486,710
44.61799028,756
44.63112056,726
44.64425084,747
44.65738113,754
44.67051141,715
44.68364169,740
44.69677197,735
44.70990226,731
44.72303254,712
44.73616282,724
44.7492931,709
44.76242339,744
44.77555367,737
44.78868395,703
44.80181424,727
44.81494452,727
44.8280748,766
44.84120508,755
44.85433537,751
44.86746565,686
44.88059593,687
44.89372621,745
44.9068565,725
44.91998678,773
44.93311706,708
44.94624734,734
44.95937763,740
44.97250791,745
44.98563819,725
44.99876848,693
45.01189876,759
45.02502904,730
45.03815932,765
45.05128961,768
45.06441989,773
45.07755017,754
45.09068045,695
45.10381074,722
45.11694102,760
45.1300713,687
45.14320158,695
45.15633187,703
45.16946215,720
45.18259243,751
45.19572272,727
45.208853,739
45.22198328,691
45.23511356,745
45.24824385,688
45.26137413,723
45.27450441,712
45.28763469,678
45.30076498,724
45.31389526,670
45.32702554,718
45.34015583,745
45.35328611,769
45.36641639,743
45.37954667,714
45.39267696,744
45.40580724,733
45.41893752,754
45.4320678,743
45.44519809,746
45.45832837,739
45.47145865,735
45.48458893,718
45.49771922,693
45.5108495,681
45.52397978,767
45.53711007,730
45.55024035,691
45.56337063,742
45.57650091,710
45.5896312,725
45.60276148,751
45.61589176,735
45.62902204,709
45.64215233,719
45.65528261,719
45.66841289,814
45.68154317,734
45.69467346,757
45.70780374,736
45.72093402,718
45.73406431,715
45.74719459,693
45.76032487,716
45.77345515,714
45.78658544,746
45.79971572,716
45.812846,716
45.82597628,745
45.83910657,704
45.85223685,706
45.86536713,704
45.87849741,734
45.8916277,758
45.90475798,676
45.91788826,735
45.93101855,686
45.94414883,739
45.95727911,657
45.97040939,743
45.98353968,748
45.99666996,726
46.00980024,726
46.02293052,659
46.03606081,736
46.04919109,745
46.06232137,711
46.07545165,757
46.08858194,708
46.10171222,733
46.1148425,691
46.12797279,748
46.14110307,705
46.15423335,714
46.16736363,739
46.18049392,746
46.1936242,670
46.20675448,728
46.21988476,762
46.23301505,775
46.24614533,709
46.25927561,756
46.2724059,718
46.28553618,671
46.29866646,693
46.31179674,657
46.32492703,772
46.33805731,723
46.35118759,689
46.36431787,663
46.37744816,739
46.39057844,722
46.40370872,714
46.416839,709
46.42996929,701
46.44309957,743
46.45622985,694
46.46936014,705
46.48249042,684
46.4956207,674
46.50875098,760
46.52188127,718
46.53501155,715
46.54814183,682
46.56127211,694
46.5744024,741
46.58753268,784
46.60066296,709
46.61379324,723
46.62692353,670
46.64005381,712
46.65318409,731
46.66631438,737
46.67944466,742
46.69257494,702
46.70570522,724
46.71883551,690
46.73196579,748
46.74509607,670
46.75822635,706
46.77135664,723
46.78448692,700
46.7976172,747
46.81074748,733
46.82387777,746
46.83700805,690
46.85013833,693
46.86326862,686
46.8763989,686
46.88952918,701
46.90265946,724
46.91578975,689
46.92892003,678
46.94205031,666
46.95518059,672
46.96831088,657
46.98144116,741
46.99457144,689
47.00770173,738
47.02083201,717
47.03396229,714
47.04709257,650
47.06022286,707
47.07335314,663
47.08648342,770
47.0996137,687
47.11274399,686
47.12587427,732
47.13900455,713
47.15213483,696
47.16526512,718
47.1783954,700
47.19152568,714
47.20465597,771
47.21778625,744
47.23091653,693
47.24404681,725
47.2571771,675
47.27030738,696
47.28343766,748
47.29656794,708
47.30969823,690
47.32282851,669
47.33595879,759
47.34908907,788
47.36221936,744
47.37534964,698
47.38847992,740
47.40161021,682
47.41474049,737
47.42787077,755
47.44100105,727
47.45413134,682
47.46726162,708
47.4803919,699
47.49352218,692
47.50665247,688
47.51978275,733
47.53291303,656
47.54604331,719
47.5591736,712
47.57230388,711
47.58543416,700
47.59856445,697
47.61169473,748
47.62482501,714
47.63795529,709
47.65108558,725
47.66421586,668
47.67734614,669
47.69047642,707
47.70360671,646
47.71673699,714
47.72986727,674
47.74299756,672
47.75612784,680
47.76925812,732
47.7823884,674
47.79551869,735
47.80864897,705
47.82177925,681
47.83490953,681
47.84803982,633
47.8611701,670
47.87430038,686
47.88743066,718
47.90056095,724
47.91369123,700
47.92682151,667
47.9399518,718
47.95308208,695
47.96621236,720
47.97934264,677
47.99247293,751
48.00560321,704
48.01873349,664
48.03186377,710
48.04499406,728
48.05812434,711
48.07125462,697
48.0843849,690
48.09751519,675
48.11064547,726
48.12377575,707
48.13690604,732
48.15003632,727
48.1631666,710
48.17629688,732
48.18942717,709
48.20255745,682
48.21568773,663
48.22881801,698
48.2419483,723
48.25507858,701
48.26820886,690
48.28133914,740
48.29446943,699
48.30759971,709
48.32072999,693
48.33386028,734
48.34699056,695
48.36012084,721
48.37325112,697
48.38638141,698
48.39951169,710
48.41264197,649
48.42577225,683
48.43890254,748
48.45203282,715
48.4651631,731
48.47829338,663
48.49142367,688
48.50455395,710
48.51768423,738
48.53081452,692
48.5439448,720
48.55707508,668
48.57020536,676
48.58333565,676
48.59646593,696
48.60959621,714
48.62272649,691
48.63585678,622
48.64898706,713
48.66211734,711
48.67524763,686
48.68837791,699
48.70150819,731
48.71463847,706
48.72776876,660
48.74089904,735
48.75402932,677
48.7671596,707
48.78028989,681
48.79342017,699
48.80655045,734
48.81968073,713
48.83281102,686
48.8459413,665
48.85907158,691
48.87220187,684
48.88533215,703
48.89846243,716
48.91159271,693
48.924723,689
48.93785328,682
48.95098356,676
48.96411384,680
48.97724413,669
48.99037441,686
49.00350469,703
49.01663497,688
49.02976526,684
49.04289554,716
49.05602582,697
49.06915611,671
49.08228639,656
49.09541667,645
49.10854695,644
49.12167724,707
49.13480752,650
49.1479378,695
49.16106808,668
49.17419837,670
49.18732865,693
49.20045893,670
49.21358921,685
49.2267195,712
49.23984978,623
49.25298006,665
49.26611035,643
49.27924063,658
49.29237091,672
49.30550119,640
49.31863148,691
49.33176176,675
49.34489204,707
49.35802232,702
49.37115261,666
49.38428289,637
49.39741317,637
49.41054346,684
49.42367374,690
49.43680402,672
49.4499343,691
49.46306459,719
49.47619487,695
49.48932515,662
49.50245543,725
49.51558572,671
49.528716,663
49.54184628,664
49.55497656,671
49.56810685,655
49.58123713,611
49.59436741,710
49.6074977,662
49.62062798,622
49.63375826,698
49.64688854,672
49.66001883,693
49.67314911,662
49.68627939,646
49.69940967,663
49.71253996,676
49.72567024,680
49.73880052,675
49.7519308,636
49.76506109,675
49.77819137,695
49.79132165,677
49.80445194,694
49.81758222,663
49.8307125,690
49.84384278,656
49.85697307,672
49.87010335,689
49.88323363,649
49.89636391,661
49.9094942,653
49.92262448,706
49.93575476,674
49.94888504,672
49.96201533,650
49.97514561,722
49.98827589,635
50.00140618,701
50.01453646,702
50.02766674,654
50.04079702,657
50.05392731,699
50.06705759,700
50.08018787,647
50.09331815,678
50.10644844,681
50.11957872,705
50.132709,707
50.14583928,660
50.15896957,670
50.17209985,700
50.18523013,692
50.19836042,711
50.2114907,734
50.22462098,643
50.23775126,656
50.25088155,710
50.26401183,718
50.27714211,625
50.29027239,678
50.30340268,649
50.31653296,690
50.32966324,715
50.34279353,670
50.35592381,660
50.36905409,659
50.38218437,665
50.39531466,664
50.40844494,631
50.42157522,717
50.4347055,666
50.44783579,676
50.46096607,688
50.47409635,646
50.48722663,683
50.50035692,654
50.5134872,678
50.52661748,654
50.53974777,655
50.55287805,638
50.56600833,709
50.57913861,682
50.5922689,662
50.60539918,651
50.61852946,616
50.63165974,637
50.64479003,678
50.65792031,626
50.67105059,693
50.68418087,684
50.69731116,654
50.71044144,652
50.72357172,698
50.73670201,638
50.74983229,670
50.76296257,664
50.77609285,666
50.78922314,674
50.80235342,690
50.8154837,686
50.82861398,676
50.84174427,657
50.85487455,666
50.86800483,677
50.88113511,658
50.8942654,682
50.90739568,675
50.92052596,658
50.93365625,659
50.94678653,635
50.95991681,653
50.97304709,640
50.98617738,705
50.99930766,642
51.01243794,688
51.02556822,650
51.03869851,656
51.05182879,657
51.06495907,613
51.07808936,678
51.09121964,674
51.10434992,694
51.1174802,666
51.13061049,623
51.14374077,657
51.15687105,725
51.17000133,655
51.18313162,698
51.1962619,642
51.20939218,658
51.22252246,672
51.23565275,674
51.24878303,672
51.26191331,669
51.2750436,651
51.28817388,653
51.30130416,700
51.31443444,676
51.32756473,656
51.34069501,677
51.35382529,672
51.36695557,653
51.38008586,644
51.39321614,660
51.40634642,681
51.4194767,665
51.43260699,677
51.44573727,656
51.45886755,678
51.47199784,662
51.48512812,666
51.4982584,663
51.51138868,682
51.52451897,703
51.53764925,687
51.55077953,657
51.56390981,650
51.5770401,628
51.59017038,616
51.60330066,673
51.61643094,628
51.62956123,699
51.64269151,654
51.65582179,653
51.66895208,651
51.68208236,698
51.69521264,685
51.70834292,669
51.72147321,619
51.73460349,627
51.74773377,634
51.76086405,644
51.77399434,634
51.78712462,648
51.8002549,601
51.81338518,705
51.82651547,669
51.83964575,703
51.85277603,646
51.86590632,707
51.8790366,676
51.89216688,651
51.90529716,654
51.91842745,677
51.93155773,693
51.94468801,651
51.95781829,665
51.97094858,611
51.98407886,656
51.99720914,668
52.01033943,627
52.02346971,634
52.03659999,665
52.04973027,644
52.06286056,662
52.07599084,683
52.08912112,695
52.1022514,720
52.11538169,711
52.12851197,667
52.14164225,664
52.15477253,655
52.16790282,660
52.1810331,636
52.19416338,697
52.20729367,636
52.22042395,662
52.23355423,747
52.24668451,679
52.2598148,657
52.27294508,684
52.28607536,684
52.29920564,645
52.31233593,661
52.32546621,666
52.33859649,610
52.35172677,691
52.36485706,684
52.37798734,693
52.39111762,725
52.40424791,631
52.41737819,631
52.43050847,659
52.44363875,712
52.45676904,627
52.46989932,660
52.4830296,676
52.49615988,653
52.50929017,603
52.52242045,674
52.53555073,635
52.54868101,678
52.5618113,689
52.57494158,618
52.58807186,644
52.60120215,669
52.61433243,604
52.62746271,635
52.64059299,661
52.65372328,618
52.66685356,600
52.67998384,689
52.69311412,635
52.70624441,631
52.71937469,669
52.73250497,630
52.74563526,618
52.75876554,718
52.77189582,627
52.7850261,600
52.79815639,675
52.81128667,630
52.82441695,645
52.83754723,758
52.85067752,616
52.8638078,622
52.87693808,581
52.89006836,621
52.90319865,599
52.91632893,663
52.92945921,659
52.9425895,702
52.95571978,634
52.96885006,632
52.98198034,632
52.99511063,606
53.00824091,681
53.02137119,647
53.03450147,641
53.04763176,674
53.06076204,641
53.07389232,682
53.0870226,679
53.10015289,632
53.11328317,616
53.12641345,676
53.13954374,678
53.15267402,679
53.1658043,638
53.17893458,629
53.19206487,682
53.20519515,629
53.21832543,623
53.23145571,686
53.244586,670
53.25771628,644
53.27084656,659
53.28397684,612
53.29710713,657
53.31023741,632
53.32336769,644
53.33649798,630
53.34962826,609
53.36275854,628
53.37588882,673
53.38901911,652
53.40214939,645
53.41527967,598
53.42840995,632
53.44154024,660
53.45467052,690
53.4678008,594
53.48093108,612
53.49406137,614
53.50719165,618
53.52032193,623
53.53345222,651
53.5465825,655
53.55971278,658
53.57284306,619
53.58597335,669
53.59910363,630
53.61223391,635
53.62536419,623
53.63849448,640
53.65162476,659
53.66475504,639
53.67788533,645
53.69101561,647
53.70414589,667
53.71727617,671
53.73040646,676
53.74353674,666
53.75666702,626
53.7697973,664
53.78292759,670
53.79605787,631
53.80918815,630
53.82231843,658
53.83544872,652
53.848579,680
53.86170928,607
53.87483957,641
53.88796985,632
53.90110013,609
53.91423041,654
53.9273607,687
53.94049098,653
53.95362126,607
53.96675154,658
53.97988183,697
53.99301211,630
54.00614239,599
54.01927267,645
54.03240296,653
54.04553324,657
54.05866352,693
54.07179381,667
54.08492409,684
54.09805437,639
54.11118465,622
54.12431494,670
54.13744522,696
54.1505755,631
54.16370578,689
54.17683607,638
54.18996635,644
54.20309663,679
54.21622691,622
54.2293572,661
54.24248748,615
54.25561776,667
54.26874805,668
54.28187833,680
54.29500861,693
54.30813889,627
54.32126918,726
54.33439946,645
54.34752974,603
54.36066002,603
54.37379031,658
54.38692059,649
54.40005087,638
54.41318116,616
54.42631144,651
54.43944172,676
54.452572,633
54.46570229,622
54.47883257,639
54.49196285,694
54.50509313,634
54.51822342,654
54.5313537,613
54.54448398,686
54.55761426,682
54.57074455,643
54.58387483,635
54.59700511,692
54.6101354,622
54.62326568,692
54.63639596,644
54.64952624,612
54.66265653,617
54.67578681,630
54.68891709,616
54.70204737,654
54.71517766,682
54.72830794,620
54.74143822,674
54.7545685,593
54.76769879,655
54.78082907,634
54.79395935,634
54.80708964,636
54.82021992,591
54.8333502,625
54.84648048,641
54.85961077,674
54.87274105,629
54.88587133,643
54.89900161,623
54.9121319,624
54.92526218,671
54.93839246,616
54.95152274,595
54.96465303,646
54.97778331,633
54.99091359,665
55.00404388,678
55.01717416,648
55.03030444,665
55.04343472,664
55.05656501,621
55.06969529,613
55.08282557,624
55.09595585,647
55.10908614,677
55.12221642,629
55.1353467,608
55.14847698,633
55.16160727,588
55.17473755,625
55.18786783,673
55.20099812,657
55.2141284,601
55.22725868,642
55.24038896,616
55.25351925,638
55.26664953,689
55.27977981,664
55.29291009,640
55.30604038,650
55.31917066,645
55.33230094,613
55.34543123,636
55.35856151,618
55.37169179,653
55.38482207,662
55.39795236,653
55.41108264,623
55.42421292,669
55.4373432,646
55.45047349,620
55.46360377,648
55.47673405,646
55.48986433,599
55.50299462,624
55.5161249,591
55.52925518,633
55.54238547,649
55.55551575,637
55.56864603,634
55.58177631,664
55.5949066,657
55.60803688,631
55.62116716,657
55.63429744,648
55.64742773,597
55.66055801,613
55.67368829,640
55.68681857,692
55.69994886,625
55.71307914,610
55.72620942,626
55.73933971,621
55.75246999,646
55.76560027,665
55.77873055,674
55.79186084,639
55.80499112,637
55.8181214,633
55.83125168,632
55.84438197,640
55.85751225,621
55.87064253,627
55.88377281,682
55.8969031,668
55.91003338,638
55.92316366,679
55.93629395,633
55.94942423,673
55.96255451,639
55.97568479,635
55.98881508,667
56.00194536,624
56.01507564,562
56.02820592,626
56.04133621,637
56.05446649,609
56.06759677,590
56.08072706,612
56.09385734,589
56.10698762,707
56.1201179,613
56.13324819,627
56.14637847,709
56.15950875,628
56.17263903,626
56.18576932,637
56.1988996,666
56.21202988,666
56.22516016,625
56.23829045,655
56.25142073,646
56.26455101,619
56.2776813,583
56.29081158,662
56.30394186,606
56.31707214,647
56.33020243,629
56.34333271,651
56.35646299,675
56.36959327,606
56.38272356,605
56.39585384,629
56.40898412,697
56.4221144,624
56.43524469,617
56.44837497,609
56.46150525,616
56.47463554,635
56.48776582,677
56.5008961,614
56.51402638,638
56.52715667,625
56.54028695,620
56.55341723,657
56.56654751,605
56.5796778,608
56.59280808,626
56.60593836,633
56.61906864,621
56.63219893,636
56.64532921,617
56.65845949,645
56.67158978,668
56.68472006,639
56.69785034,596
56.71098062,605
56.72411091,691
56.73724119,663
56.75037147,617
56.76350175,657
56.77663204,586
56.78976232,591
56.8028926,684
56.81602289,605
56.82915317,589
56.84228345,650
56.85541373,606
56.86854402,674
56.8816743,665
56.89480458,636
56.90793486,627
56.92106515,676
56.93419543,647
56.94732571,661
56.96045599,605
56.97358628,614
56.98671656,664
56.99984684,624
57.01297713,660
57.02610741,647
57.03923769,625
57.05236797,650
57.06549826,616
57.07862854,601
57.09175882,622
57.1048891,642
57.11801939,602
57.13114967,610
57.14427995,626
57.15741023,637
57.17054052,651
57.1836708,656
57.19680108,662
57.20993137,630
57.22306165,620
57.23619193,595
57.24932221,616
57.2624525,596
57.27558278,646
57.28871306,628
57.30184334,626
57.31497363,620
57.32810391,651
57.34123419,630
57.35436447,636
57.36749476,624
57.38062504,616
57.39375532,649
57.40688561,629
57.42001589,634
57.43314617,622
57.44627645,681
57.45940674,636
57.47253702,665
57.4856673,667
57.49879758,652
57.51192787,671
57.52505815,580
57.53818843,592
57.55131871,603
57.564449,658
57.57757928,623
57.59070956,584
57.60383985,631
57.61697013,653
57.63010041,628
57.64323069,576
57.65636098,613
57.66949126,640
57.68262154,617
57.69575182,627
57.70888211,605
57.72201239,621
57.73514267,656
57.74827296,583
57.76140324,633
57.77453352,630
57.7876638,664
57.80079409,599
57.81392437,639
57.82705465,651
57.84018493,654
57.85331522,566
57.8664455,639
57.87957578,642
57.89270606,583
57.90583635,648
57.91896663,610
57.93209691,635
57.9452272,620
57.95835748,612
57.97148776,649
57.98461804,627
57.99774833,620
58.01087861,642
58.02400889,664
58.03713917,606
58.05026946,575
58.06339974,618
58.07653002,613
58.0896603,627
58.10279059,635
58.11592087,636
58.12905115,674
58.14218144,620
58.15531172,649
58.168442,694
58.18157228,628
58.19470257,636
58.20783285,644
58.22096313,635
58.23409341,632
58.2472237,633
58.26035398,569
58.27348426,670
58.28661454,618
58.29974483,633
58.31287511,615
58.32600539,655
58.33913568,621
58.35226596,640
58.36539624,617
58.37852652,641
58.39165681,626
58.40478709,630
58.41791737,575
58.43104765,645
58.44417794,588
58.45730822,641
58.4704385,679
58.48356879,645
58.49669907,601
58.50982935,618
58.52295963,643
58.53608992,628
58.5492202,617
58.56235048,641
58.57548076,624
58.58861105,628
58.60174133,620
58.61487161,641
58.62800189,646
58.64113218,655
58.65426246,595
58.66739274,630
58.68052303,664
58.69365331,585
58.70678359,595
58.71991387,650
58.73304416,639
58.74617444,648
58.75930472,628
58.772435,671
58.78556529,612
58.79869557,591
58.81182585,643
58.82495613,584
58.83808642,611
58.8512167,630
58.86434698,603
58.87747727,613
58.89060755,641
58.90373783,581
58.91686811,652
58.9299984,639
58.94312868,593
58.95625896,615
58.96938924,668
58.98251953,631
58.99564981,566
59.00878009,601
59.02191037,647
59.03504066,688
59.04817094,626
59.06130122,651
59.07443151,642
59.08756179,585
59.10069207,618
59.11382235,611
59.12695264,674
59.14008292,618
59.1532132,657
59.16634348,669
59.17947377,637
59.19260405,642
59.20573433,610
59.21886461,673
59.2319949,625
59.24512518,614
59.25825546,605
59.27138575,630
59.28451603,617
59.29764631,612
59.31077659,643
59.32390688,622
59.33703716,629
59.35016744,628
59.36329772,654
59.37642801,650
59.38955829,625
59.40268857,599
59.41581886,591
59.42894914,575
59.44207942,631
59.4552097,618
59.46833999,641
59.48147027,597
59.49460055,584
59.50773083,635
59.52086112,565
59.5339914,670
59.54712168,618
59.56025196,635
59.57338225,671
59.58651253,616
59.59964281,668
59.6127731,649
59.62590338,633
59.63903366,607
59.65216394,609
59.66529423,607
59.67842451,642
59.69155479,664
59.70468507,644
59.71781536,636
59.73094564,628
59.74407592,601
59.7572062,629
59.77033649,670
59.78346677,610
59.79659705,653
59.80972734,694
59.82285762,569
59.8359879,625
59.84911818,639
59.86224847,652
59.87537875,594
59.88850903,606
59.90163931,611
59.9147696,658
59.92789988,602
59.94103016,633
59.95416044,666
59.96729073,624
59.98042101,682
59.99355129,608
60.00668158,626
60.01981186,640
60.03294214,633
60.04607242,574
60.05920271,603
60.07233299,639
60.08546327,649
60.09859355,646
60.11172384,631
60.12485412,647
60.1379844,643
60.15111469,606
60.16424497,611
60.17737525,618
60.19050553,613
60.20363582,591
60.2167661,602
60.22989638,647
60.24302666,615
60.25615695,626
60.26928723,603
60.28241751,610
60.29554779,597
60.30867808,615
60.32180836,638
60.33493864,635
60.34806893,629
60.36119921,613
60.37432949,662
60.38745977,645
60.40059006,658
60.41372034,651
60.42685062,605
60.4399809,645
60.45311119,611
60.46624147,614
60.47937175,674
60.49250203,641
60.50563232,707
60.5187626,667
60.53189288,601
60.54502317,616
60.55815345,630
60.57128373,641
60.58441401,571
60.5975443,582
60.61067458,599
60.62380486,669
60.63693514,610
60.65006543,672
60.66319571,587
60.67632599,617
60.68945627,609
60.70258656,680
60.71571684,595
60.72884712,653
60.74197741,612
60.75510769,643
60.76823797,609
60.78136825,608
60.79449854,659
60.80762882,600
60.8207591,641
60.83388938,623
60.84701967,647
60.86014995,627
60.87328023,616
60.88641051,654
60.8995408,632
60.91267108,664
60.92580136,640
60.93893165,654
60.95206193,667
60.96519221,635
60.97832249,643
60.99145278,623
61.00458306,632
61.01771334,652
61.03084362,647
61.04397391,652
61.05710419,615
61.07023447,626
61.08336476,648
61.09649504,602
61.10962532,596
61.1227556,665
61.13588589,625
61.14901617,646
61.16214645,623
61.17527673,597
61.18840702,623
61.2015373,672
61.21466758,577
61.22779786,600
61.24092815,641
61.25405843,668
61.26718871,645
61.280319,559
61.29344928,674
61.30657956,590
61.31970984,644
61.33284013,638
61.34597041,621
61.35910069,641
61.37223097,671
61.38536126,591
61.39849154,633
61.41162182,621
61.4247521,663
61.43788239,607
61.45101267,607
61.46414295,641
61.47727324,623
61.49040352,607
61.5035338,632
61.51666408,630
61.52979437,608
61.54292465,613
61.55605493,640
61.56918521,618
61.5823155,646
61.59544578,643
61.60857606,600
61.62170634,599
61.63483663,613
61.64796691,616
61.66109719,688
61.67422748,667
61.68735776,645
61.70048804,637
61.71361832,614
61.72674861,633
61.73987889,602
61.75300917,598
61.76613945,610
61.77926974,620
61.79240002,605
61.8055303,638
61.81866059,601
61.83179087,614
61.84492115,588
61.85805143,605
61.87118172,631
61.884312,587
61.89744228,604
61.91057256,666
61.92370285,580
61.93683313,572
61.94996341,647
61.96309369,621
61.97622398,656
61.98935426,615
62.00248454,640
62.01561483,644
62.02874511,609
62.04187539,659
62.05500567,625
62.06813596,600
62.08126624,564
62.09439652,631
62.1075268,665
62.12065709,616
62.13378737,576
62.14691765,605
62.16004793,625
62.17317822,611
62.1863085,606
62.19943878,622
62.21256907,635
62.22569935,650
62.23882963,632
62.25195991,643
62.2650902,618
62.27822048,647
62.29135076,622
62.30448104,613
62.31761133,609
62.33074161,616
62.34387189,622
62.35700217,621
62.37013246,658
62.38326274,644
62.39639302,582
62.40952331,635
62.42265359,592
62.43578387,615
62.44891415,631
62.46204444,626
62.47517472,611
62.488305,644
62.50143528,651
62.51456557,591
62.52769585,642
62.54082613,624
62.55395641,616
62.5670867,640
62.58021698,625
62.59334726,618
62.60647755,584
62.61960783,625
62.63273811,573
62.64586839,600
62.65899868,617
62.67212896,654
62.68525924,627
62.69838952,624
62.71151981,606
62.72465009,633
62.73778037,619
62.75091066,600
62.76404094,619
62.77717122,665
62.7903015,627
62.80343179,634
62.81656207,648
62.82969235,606
62.84282263,649
62.85595292,605
62.8690832,624
62.88221348,628
62.89534376,613
62.90847405,647
62.92160433,602
62.93473461,618
62.9478649,638
62.96099518,631
62.97412546,611
62.98725574,648
63.00038603,585
63.01351631,635
63.02664659,608
63.03977687,651
63.05290716,638
63.06603744,611
63.07916772,582
63.092298,572
63.10542829,637
63.11855857,657
63.13168885,636
63.14481914,620
63.15794942,633
63.1710797,606
63.18420998,641
63.19734027,630
63.21047055,584
63.22360083,646
63.23673111,602
63.2498614,604
63.26299168,630
63.27612196,612
63.28925224,618
63.30238253,591
63.31551281,593
63.32864309,644
63.34177338,626
63.35490366,660
63.36803394,612
63.38116422,604
63.39429451,628
63.40742479,596
63.42055507,594
63.43368535,620
63.44681564,613
63.45994592,593
63.4730762,576
63.48620649,616
63.49933677,644
63.51246705,628
63.52559733,612
63.53872762,633
63.5518579,647
63.56498818,660
63.57811846,602
63.59124875,609
63.60437903,622
63.61750931,637
63.63063959,619
63.64376988,576
63.65690016,638
63.67003044,623
63.68316073,629
63.69629101,626
63.70942129,634
63.72255157,605
63.73568186,586
63.74881214,586
63.76194242,544
63.7750727,667
63.78820299,650
63.80133327,592
63.81446355,619
63.82759383,607
63.84072412,677
63.8538544,561
63.86698468,597
63.88011497,611
63.89324525,573
63.90637553,596
63.91950581,620
63.9326361,608
63.94576638,649
63.95889666,590
63.97202694,587
63.98515723,588
63.99828751,592
64.01141779,626
64.02454807,604
64.03767836,562
64.05080864,667
64.06393892,641
64.07706921,611
64.09019949,658
64.10332977,650
64.11646005,610
64.12959034,610
64.14272062,660
64.1558509,614
64.16898118,659
64.18211147,601
64.19524175,600
64.20837203,674
64.22150231,628
64.2346326,634
64.24776288,591
64.26089316,635
64.27402345,629
64.28715373,638
64.30028401,637
64.31341429,597
64.32654458,639
64.33967486,611
64.35280514,612
64.36593542,598
64.37906571,604
64.39219599,573
64.40532627,639
64.41845656,635
64.43158684,606
64.44471712,631
64.4578474,638
64.47097769,615
64.48410797,593
64.49723825,559
64.51036853,617
64.52349882,600
64.5366291,605
64.54975938,584
64.56288966,654
64.57601995,578
64.58915023,600
64.60228051,636
64.6154108,612
64.62854108,583
64.64167136,598
64.65480164,622
64.66793193,586
64.68106221,625
64.69419249,622
64.70732277,621
64.72045306,639
64.73358334,631
64.74671362,594
64.7598439,624
64.77297419,613
64.78610447,646
64.79923475,572
64.81236504,644
64.82549532,613
64.8386256,592
64.85175588,587
64.86488617,643
64.87801645,668
64.89114673,587
64.90427701,606
64.9174073,620
64.93053758,631
64.94366786,621
64.95679814,613
64.96992843,570
64.98305871,583
64.99618899,556
65.00931928,623
65.02244956,632
65.03557984,588
65.04871012,619
65.06184041,587
65.07497069,577
65.08810097,670
65.10123125,618
65.11436154,646
65.12749182,633
65.1406221,623
65.15375239,577
65.16688267,612
65.18001295,630
65.19314323,632
65.20627352,607
65.2194038,567
65.23253408,604
65.24566436,627
65.25879465,594
65.27192493,653
65.28505521,629
65.29818549,595
65.31131578,544
65.32444606,623
65.33757634,619
65.35070663,602
65.36383691,545
65.37696719,586
65.39009747,606
65.40322776,584
65.41635804,603
65.42948832,605
65.4426186,555
65.45574889,597
65.46887917,597
65.48200945,623
65.49513973,629
65.50827002,663
65.5214003,599
65.53453058,595
65.54766087,625
65.56079115,614
65.57392143,574
65.58705171,586
65.600182,552
65.61331228,618
65.62644256,648
65.63957284,596
65.65270313,633
65.66583341,606
65.67896369,584
65.69209397,627
65.70522426,594
65.71835454,614
65.73148482,595
65.74461511,588
65.75774539,654
65.77087567,602
65.78400595,595
65.79713624,613
65.81026652,641
65.8233968,619
65.83652708,603
65.84965737,642
65.86278765,659
65.87591793,582
65.88904822,637
65.9021785,608
65.91530878,640
65.92843906,567
65.94156935,578
65.95469963,595
65.96782991,607
65.98096019,624
65.99409048,533
66.00722076,613
66.02035104,576
66.03348132,562
66.04661161,626
66.05974189,597
66.07287217,628
66.08600246,576
66.09913274,597
66.11226302,577
66.1253933,612
66.13852359,618
66.15165387,625
66.16478415,593
66.17791443,604
66.19104472,612
66.204175,554
66.21730528,595
66.23043556,608
66.24356585,602
66.25669613,621
66.26982641,589
66.2829567,609
66.29608698,586
66.30921726,607
66.32234754,598
66.33547783,583
66.34860811,593
66.36173839,615
66.37486867,610
66.38799896,653
66.40112924,576
66.41425952,643
66.4273898,602
66.44052009,589
66.45365037,591
66.46678065,592
66.47991094,561
66.49304122,566
66.5061715,629
66.51930178,580
66.53243207,600
66.54556235,601
66.55869263,582
66.57182291,602
66.5849532,594
66.59808348,542
66.61121376,627
66.62434404,606
66.63747433,628
66.65060461,608
66.66373489,579
66.67686518,627
66.68999546,616
66.70312574,578
66.71625602,583
66.72938631,568
66.74251659,591
66.75564687,593
66.76877715,623
66.78190744,595
66.79503772,575
66.808168,597
66.82129829,645
66.83442857,578
66.84755885,602
66.86068913,613
66.87381942,573
66.8869497,599
66.90007998,617
66.91321026,613
66.92634055,574
66.93947083,602
66.95260111,589
66.96573139,592
66.97886168,582
66.99199196,594
67.00512224,615
67.01825253,639
67.03138281,611
67.04451309,562
67.05764337,622
67.07077366,601
67.08390394,575
67.09703422,603
67.1101645,594
67.12329479,640
67.13642507,609
67.14955535,575
67.16268563,637
67.17581592,604
67.1889462,635
67.20207648,582
67.21520677,569
67.22833705,533
67.24146733,592
67.25459761,634
67.2677279,585
67.28085818,603
67.29398846,598
67.30711874,589
67.32024903,606
67.33337931,623
67.34650959,623
67.35963987,583
67.37277016,655
67.38590044,613
67.39903072,590
67.41216101,552
67.42529129,585
67.43842157,582
67.45155185,573
67.46468214,578
67.47781242,632
67.4909427,610
67.50407298,594
67.51720327,580
67.53033355,587
67.54346383,580
67.55659412,566
67.5697244,608
67.58285468,584
67.59598496,563
67.60911525,550
67.62224553,620
67.63537581,576
67.64850609,615
67.66163638,607
67.67476666,555
67.68789694,604
67.70102722,598
67.71415751,577
67.72728779,596
67.74041807,603
67.75354836,617
67.76667864,617
67.77980892,595
67.7929392,587
67.80606949,581
67.81919977,619
67.83233005,588
67.84546033,573
67.85859062,583
67.8717209,612
67.88485118,585
67.89798146,581
67.91111175,593
67.92424203,582
67.93737231,554
67.9505026,577
67.96363288,587
67.97676316,558
67.98989344,630
68.00302373,614
68.01615401,616
68.02928429,598
68.04241457,646
68.05554486,579
68.06867514,591
68.08180542,603
68.0949357,586
68.10806599,604
68.12119627,610
68.13432655,604
68.14745684,583
68.16058712,569
68.1737174,560
68.18684768,560
68.19997797,619
68.21310825,603
68.22623853,586
68.23936881,589
68.2524991,590
68.26562938,632
68.27875966,603
68.29188994,597
68.30502023,607
68.31815051,582
68.33128079,559
68.34441108,587
68.35754136,551
68.37067164,607
68.38380192,571
68.39693221,553
68.41006249,609
68.42319277,608
68.43632305,582
68.44945334,576
68.46258362,634
68.4757139,610
68.48884419,584
68.50197447,592
68.51510475,613
68.52823503,581
68.54136532,584
68.5544956,634
68.56762588,572
68.58075616,640
68.59388645,569
68.60701673,581
68.62014701,555
68.63327729,550
68.64640758,588
68.65953786,590
68.67266814,584
68.68579843,583
68.69892871,630
68.71205899,555
68.72518927,586
68.73831956,620
68.75144984,568
68.76458012,585
68.7777104,602
68.79084069,592
68.80397097,593
68.81710125,608
68.83023153,593
68.84336182,556
68.8564921,571
68.86962238,592
68.88275267,610
68.89588295,591
68.90901323,580
68.92214351,579
68.9352738,616
68.94840408,561
68.96153436,602
68.97466464,571
68.98779493,612
69.00092521,544
69.01405549,584
69.02718577,596
69.04031606,579
69.05344634,587
69.06657662,612
69.07970691,545
69.09283719,580
69.10596747,624
69.11909775,639
69.13222804,605
69.14535832,581
69.1584886,542
69.17161888,590
69.18474917,628
69.19787945,576
69.21100973,574
69.22414002,590
69.2372703,559
69.25040058,619
69.26353086,567
69.27666115,618
69.28979143,539
69.30292171,613
69.31605199,562
69.32918228,559
69.34231256,585
69.35544284,590
69.36857312,597
69.38170341,580
69.39483369,551
69.40796397,557
69.42109426,597
69.43422454,542
69.44735482,621
69.4604851,593
69.47361539,563
69.48674567,575
69.49987595,606
69.51300623,599
69.52613652,594
69.5392668,557
69.55239708,586
69.56552736,567
69.57865765,540
69.59178793,539
69.60491821,565
69.6180485,570
69.63117878,543
69.64430906,600
69.65743934,569
69.67056963,564
69.68369991,610
69.69683019,539
69.70996047,585
69.72309076,636
69.73622104,568
69.74935132,592
69.7624816,525
69.77561189,555
69.78874217,567
69.80187245,546
69.81500274,552
69.82813302,594
69.8412633,572
69.85439358,583
69.86752387,546
69.88065415,590
69.89378443,584
69.90691471,625
69.920045,583
69.93317528,618
69.94630556,551
69.95943584,562
69.97256613,526
69.98569641,624
69.99882669,592
70.01195698,535
70.02508726,588
70.03821754,588
70.05134782,577
70.06447811,557
70.07760839,545
70.09073867,597
70.10386895,570
70.11699924,583
70.13012952,575
70.1432598,556
70.15639009,554
70.16952037,545
70.18265065,589
70.19578093,637
70.20891122,586
70.2220415,564
70.23517178,556
70.24830206,546
70.26143235,579
70.27456263,575
70.28769291,597
70.30082319,569
70.31395348,597
70.32708376,562
70.34021404,601
70.35334433,556
70.36647461,585
70.37960489,620
70.39273517,577
70.40586546,506
70.41899574,576
70.43212602,558
70.4452563,549
70.45838659,594
70.47151687,595
70.48464715,600
70.49777743,594
70.51090772,587
70.524038,592
70.53716828,579
70.55029857,602
70.56342885,591
70.57655913,574
70.58968941,569
70.6028197,555
70.61594998,558
70.62908026,590
70.64221054,594
70.65534083,538
70.66847111,560
70.68160139,597
70.69473167,574
70.70786196,538
70.72099224,594
70.73412252,559
70.74725281,617
70.76038309,558
70.77351337,591
70.78664365,612
70.79977394,574
70.81290422,580
70.8260345,565
70.83916478,551
70.85229507,599
70.86542535,577
70.87855563,592
70.89168592,594
70.9048162,564
70.91794648,556
70.93107676,529
70.94420705,570
70.95733733,544
70.97046761,589
70.98359789,585
70.99672818,548
71.00985846,569
71.02298874,538
71.03611902,563
71.04924931,579
71.06237959,577
71.07550987,578
71.08864016,543
71.10177044,560
71.11490072,544
71.128031,580
71.14116129,599
71.15429157,592
71.16742185,549
71.18055213,530
71.19368242,564
71.2068127,564
71.21994298,579
71.23307326,559
71.24620355,558
71.25933383,486
71.27246411,634
71.2855944,581
71.29872468,577
71.31185496,581
71.32498524,629
71.33811553,637
71.35124581,584
71.36437609,536
71.37750637,540
71.39063666,525
71.40376694,552
71.41689722,565
71.4300275,587
71.44315779,566
71.45628807,508
71.46941835,558
71.48254864,536
71.49567892,558
71.5088092,551
71.52193948,588
71.53506977,547
71.54820005,555
71.56133033,561
71.57446061,557
71.5875909,560
71.60072118,563
71.61385146,583
71.62698174,565
71.64011203,549
71.65324231,556
71.66637259,568
71.67950288,582
71.69263316,521
71.70576344,549
71.71889372,546
71.73202401,535
71.74515429,613
71.75828457,561
71.77141485,524
71.78454514,556
71.79767542,567
71.8108057,544
71.82393599,538
71.83706627,572
71.85019655,591
71.86332683,590
71.87645712,538
71.8895874,563
71.90271768,529
71.91584796,552
71.92897825,562
71.94210853,573
71.95523881,531
71.96836909,581
71.98149938,572
71.99462966,581
72.00775994,576
72.02089023,526
72.03402051,551
72.04715079,572
72.06028107,545
72.07341136,554
72.08654164,529
72.09967192,548
72.1128022,533
72.12593249,570
72.13906277,573
72.15219305,588
72.16532333,554
72.17845362,577
72.1915839,559
72.20471418,603
72.21784447,554
72.23097475,564
72.24410503,589
72.25723531,537
72.2703656,563
72.28349588,537
72.29662616,553
72.30975644,537
72.32288673,540
72.33601701,572
72.34914729,552
72.36227757,524
72.37540786,562
72.38853814,561
72.40166842,581
72.41479871,521
72.42792899,575
72.44105927,580
72.45418955,555
72.46731984,544
72.48045012,555
72.4935804,498
72.50671068,540
72.51984097,577
72.53297125,538
72.54610153,562
72.55923182,625
72.5723621,587
72.58549238,529
72.59862266,550
72.61175295,569
72.62488323,580
72.63801351,615
72.65114379,553
72.66427408,553
72.67740436,521
72.69053464,512
72.70366492,547
72.71679521,576
72.72992549,576
72.74305577,544
72.75618606,557
72.76931634,581
72.78244662,532
72.7955769,561
72.80870719,581
72.82183747,573
72.83496775,566
72.84809803,575
72.86122832,545
72.8743586,631
72.88748888,548
72.90061916,562
72.91374945,539
72.92687973,545
72.94001001,532
72.9531403,538
72.96627058,538
72.97940086,550
72.99253114,556
73.00566143,507
73.01879171,556
73.03192199,536
73.04505227,580
73.05818256,561
73.07131284,533
73.08444312,574
73.0975734,564
73.11070369,557
73.12383397,529
73.13696425,540
73.15009454,580
73.16322482,526
73.1763551,554
73.18948538,569
73.20261567,553
73.21574595,546
73.22887623,517
73.24200651,519
73.2551368,554
73.26826708,505
73.28139736,547
73.29452764,563
73.30765793,577
73.32078821,530
73.33391849,561
73.34704878,568
73.36017906,594
73.37330934,556
73.38643962,507
73.39956991,560
73.41270019,547
73.42583047,584
73.43896075,589
73.45209104,544
73.46522132,580
73.4783516,585
73.49148189,613
73.50461217,558
73.51774245,565
73.53087273,547
73.54400302,563
73.5571333,552
73.57026358,543
73.58339386,561
73.59652415,547
73.60965443,494
73.62278471,561
73.63591499,560
73.64904528,586
73.66217556,578
73.67530584,530
73.68843613,556
73.70156641,549
73.71469669,592
73.72782697,507
73.74095726,503
73.75408754,564
73.76721782,597
73.7803481,565
73.79347839,549
73.80660867,572
73.81973895,576
73.83286923,544
73.84599952,571
73.8591298,540
73.87226008,608
73.88539037,556
73.89852065,517
73.91165093,571
73.92478121,568
73.9379115,521
73.95104178,531
73.96417206,538
73.97730234,558
73.99043263,538
74.00356291,581
74.01669319,535
74.02982347,553
74.04295376,592
74.05608404,551
74.06921432,549
74.08234461,546
74.09547489,542
74.10860517,575
74.12173545,562
74.13486574,561
74.14799602,510
74.1611263,524
74.17425658,518
74.18738687,561
74.20051715,522
74.21364743,546
74.22677772,502
74.239908,529
74.25303828,569
74.26616856,530
74.27929885,549
74.29242913,540
74.30555941,520
74.31868969,529
74.33181998,511
74.34495026,565
74.35808054,531
74.37121082,556
74.38434111,553
74.39747139,545
74.41060167,522
74.42373196,567
74.43686224,541
74.44999252,557
74.4631228,543
74.47625309,506
74.48938337,560
74.50251365,561
74.51564393,563
74.52877422,526
74.5419045,564
74.55503478,541
74.56816506,552
74.58129535,535
74.59442563,530
74.60755591,583
74.6206862,547
74.63381648,540
74.64694676,562
74.66007704,537
74.67320733,532
74.68633761,527
74.69946789,499
74.71259817,551
74.72572846,556
74.73885874,538
74.75198902,532
74.7651193,538
74.77824959,524
74.79137987,535
74.80451015,563
74.81764044,538
74.83077072,514
74.843901,559
74.85703128,526
74.87016157,535
74.88329185,512
74.89642213,536
74.90955241,544
74.9226827,510
74.93581298,558
74.94894326,499
74.96207355,548
74.97520383,552
74.98833411,542
75.00146439,550
75.01459468,533
75.02772496,539
75.04085524,573
75.05398552,543
75.06711581,553
75.08024609,529
75.09337637,519
75.10650665,554
75.11963694,566
75.13276722,546
75.1458975,547
75.15902779,504
75.17215807,562
75.18528835,561
75.19841863,486
75.21154892,528
75.2246792,573
75.23780948,576
75.25093976,562
75.26407005,547
75.27720033,564
75.29033061,572
75.30346089,496
75.31659118,501
75.32972146,498
75.34285174,544
75.35598203,476
75.36911231,532
75.38224259,539
75.39537287,569
75.40850316,523
75.42163344,540
75.43476372,540
75.447894,522
75.46102429,554
75.47415457,506
75.48728485,529
75.50041513,516
75.51354542,580
75.5266757,521
75.53980598,529
75.55293627,529
75.56606655,519
75.57919683,557
75.59232711,516
75.6054574,538
75.61858768,534
75.63171796,553
75.64484824,559
75.65797853,536
75.67110881,528
75.68423909,567
75.69736937,518
75.71049966,558
75.72362994,528
75.73676022,558
75.74989051,527
75.76302079,556
75.77615107,548
75.78928135,507
75.80241164,522
75.81554192,536
75.8286722,513
75.84180248,607
75.85493277,525
75.86806305,527
75.88119333,540
75.89432362,570
75.9074539,474
75.92058418,575
75.93371446,496
75.94684475,535
75.95997503,493
75.97310531,542
75.98623559,521
75.99936588,531
76.01249616,549
76.02562644,523
76.03875672,542
76.05188701,544
76.06501729,562
76.07814757,535
76.09127786,563
76.10440814,529
76.11753842,535
76.1306687,540
76.14379899,502
76.15692927,547
76.17005955,537
76.18318983,590
76.19632012,538
76.2094504,514
76.22258068,561
76.23571096,567
76.24884125,551
76.26197153,487
76.27510181,525
76.2882321,564
76.30136238,501
76.31449266,545
76.32762294,526
76.34075323,515
76.35388351,538
76.36701379,570
76.38014407,532
76.39327436,530
76.40640464,503
76.41953492,517
76.4326652,540
76.44579549,510
76.45892577,511
76.47205605,531
76.48518634,507
76.49831662,508
76.5114469,524
76.52457718,520
76.53770747,528
76.55083775,559
76.56396803,516
76.57709831,521
76.5902286,508
76.60335888,544
76.61648916,507
76.62961945,504
76.64274973,515
76.65588001,504
76.66901029,494
76.68214058,504
76.69527086,507
76.70840114,534
76.72153142,555
76.73466171,550
76.74779199,476
76.76092227,484
76.77405255,497
76.78718284,504
76.80031312,551
76.8134434,521
76.82657369,551
76.83970397,530
76.85283425,524
76.86596453,539
76.87909482,502
76.8922251,512
76.90535538,569
76.91848566,526
76.93161595,533
76.94474623,569
76.95787651,484
76.97100679,515
76.98413708,531
76.99726736,531
77.01039764,575
77.02352793,515
77.03665821,555
77.04978849,457
77.06291877,523
77.07604906,545
77.08917934,544
77.10230962,544
77.1154399,510
77.12857019,517
77.14170047,504
77.15483075,518
77.16796103,490
77.18109132,473
77.1942216,504
77.20735188,523
77.22048217,497
77.23361245,529
77.24674273,538
77.25987301,557
77.2730033,550
77.28613358,560
77.29926386,503
77.31239414,529
77.32552443,570
77.33865471,507
77.35178499,514
77.36491527,525
77.37804556,501
77.39117584,524
77.40430612,510
77.41743641,540
77.43056669,520
77.44369697,549
77.45682725,498
77.46995754,527
77.48308782,492
77.4962181,515
77.50934838,537
77.52247867,514
77.53560895,496
77.54873923,544
77.56186952,538
77.5749998,520
77.58813008,543
77.60126036,507
77.61439065,540
77.62752093,478
77.64065121,497
77.65378149,548
77.66691178,530
77.68004206,548
77.69317234,538
77.70630262,512
77.71943291,507
77.73256319,578
77.74569347,532
77.75882376,546
77.77195404,535
77.78508432,525
77.7982146,517
77.81134489,551
77.82447517,525
77.83760545,500
77.85073573,557
77.86386602,549
77.8769963,524
77.89012658,511
77.90325686,506
77.91638715,517
77.92951743,556
77.94264771,493
77.955778,532
77.96890828,466
77.98203856,511
77.99516884,553
78.00829913,559
78.02142941,538
78.03455969,526
78.04768997,480
78.06082026,510
78.07395054,493
78.08708082,481
78.1002111,526
78.11334139,521
78.12647167,544
78.13960195,534
78.15273224,495
78.16586252,504
78.1789928,482
78.19212308,566
78.20525337,485
78.21838365,503
78.23151393,526
78.24464421,519
78.2577745,522
78.27090478,501
78.28403506,535
78.29716535,502
78.31029563,519
78.32342591,556
78.33655619,529
78.34968648,547
78.36281676,502
78.37594704,524
78.38907732,509
78.40220761,516
78.41533789,500
78.42846817,538
78.44159845,543
78.45472874,540
78.46785902,558
78.4809893,535
78.49411959,528
78.50724987,514
78.52038015,524
78.53351043,533
78.54664072,509
78.559771,535
78.57290128,507
78.58603156,509
78.59916185,552
78.61229213,516
78.62542241,532
78.63855269,502
78.65168298,555
78.66481326,525
78.67794354,601
78.69107383,555
78.70420411,533
78.71733439,525
78.73046467,508
78.74359496,516
78.75672524,512
78.76985552,526
78.7829858,564
78.79611609,545
78.80924637,526
78.82237665,513
78.83550693,543
78.84863722,482
78.8617675,522
78.87489778,499
78.88802807,532
78.90115835,543
78.91428863,516
78.92741891,496
78.9405492,506
78.95367948,504
78.96680976,490
78.97994004,582
78.99307033,537
79.00620061,520
79.01933089,513
79.03246117,488
79.04559146,502
79.05872174,513
79.07185202,504
79.08498231,490
79.09811259,504
79.11124287,550
79.12437315,516
79.13750344,498
79.15063372,491
79.163764,545
79.17689428,555
79.19002457,535
79.20315485,547
79.21628513,534
79.22941542,514
79.2425457,497
79.25567598,512
79.26880626,500
79.28193655,507
79.29506683,504
79.30819711,514
79.32132739,537
79.33445768,469
79.34758796,514
79.36071824,526
79.37384852,502
79.38697881,460
79.40010909,514
79.41323937,560
79.42636966,470
79.43949994,554
79.45263022,521
79.4657605,503
79.47889079,492
79.49202107,535
79.50515135,522
79.51828163,487
79.53141192,516
79.5445422,502
79.55767248,493
79.57080276,554
79.58393305,506
79.59706333,505
79.61019361,518
79.6233239,527
79.63645418,524
79.64958446,510
79.66271474,487
79.67584503,497
79.68897531,510
79.70210559,519
79.71523587,524
79.72836616,498
79.74149644,508
79.75462672,540
79.767757,489
79.78088729,525
79.79401757,496
79.80714785,543
79.82027814,536
79.83340842,516
79.8465387,553
79.85966898,533
79.87279927,507
79.88592955,525
79.89905983,488
79.91219011,516
79.9253204,505
79.93845068,506
79.95158096,525
79.96471125,564
79.97784153,582
79.99097181,488
80.00410209,534
80.01723238,537
80.03036266,548
80.04349294,482
80.05662322,539
80.06975351,505
80.08288379,520
80.09601407,523
80.10914435,518
80.12227464,518
80.13540492,491
80.1485352,485
80.16166549,566
80.17479577,494
80.18792605,520
80.20105633,501
80.21418662,495
80.2273169,509
80.24044718,501
80.25357746,539
80.26670775,500
80.27983803,499
80.29296831,519
80.30609859,483
80.31922888,563
80.33235916,526
80.34548944,499
80.35861973,514
80.37175001,572
80.38488029,509
80.39801057,504
80.41114086,491
80.42427114,541
80.43740142,496
80.4505317,557
80.46366199,479
80.47679227,498
80.48992255,515
80.50305283,523
80.51618312,539
80.5293134,516
80.54244368,523
80.55557397,520
80.56870425,533
80.58183453,512
80.59496481,505
80.6080951,514
80.62122538,509
80.63435566,507
80.64748594,540
80.66061623,504
80.67374651,507
80.68687679,493
80.70000707,510
80.71313736,501
80.72626764,526
80.73939792,496
80.75252821,484
80.76565849,499
80.77878877,497
80.79191905,524
80.80504934,496
80.81817962,529
80.8313099,480
80.84444018,502
80.85757047,501
80.87070075,470
80.88383103,490
80.89696132,500
80.9100916,550
80.92322188,505
80.93635216,503
80.94948245,522
80.96261273,521
80.97574301,493
80.98887329,530
81.00200358,530
81.01513386,513
81.02826414,522
81.04139442,561
81.05452471,487
81.06765499,492
81.08078527,532
81.09391556,538
81.10704584,520
81.12017612,504
81.1333064,537
81.14643669,518
81.15956697,468
81.17269725,489
81.18582753,493
81.19895782,481
81.2120881,543
81.22521838,480
81.23834866,534
81.25147895,495
81.26460923,449
81.27773951,527
81.2908698,509
81.30400008,513
81.31713036,529
81.33026064,527
81.34339093,515
81.35652121,514
81.36965149,532
81.38278177,498
81.39591206,473
81.40904234,515
81.42217262,505
81.4353029,520
81.44843319,507
81.46156347,524
81.47469375,515
81.48782404,487
81.50095432,488
81.5140846,564
81.52721488,539
81.54034517,542
81.55347545,528
81.56660573,493
81.57973601,473
81.5928663,465
81.60599658,497
81.61912686,474
81.63225715,477
81.64538743,507
81.65851771,461
81.67164799,510
81.68477828,513
81.69790856,544
81.71103884,493
81.72416912,479
81.73729941,510
81.75042969,537
81.76355997,508
81.77669025,503
81.78982054,523
81.80295082,525
81.8160811,518
81.82921139,507
81.84234167,509
81.85547195,519
81.86860223,509
81.88173252,509
81.8948628,471
81.90799308,469
81.92112336,530
81.93425365,504
81.94738393,534
81.96051421,475
81.97364449,496
81.98677478,497
81.99990506,482
82.01303534,503
82.02616563,531
82.03929591,508
82.05242619,511
82.06555647,514
82.07868676,522
82.09181704,498
82.10494732,526
82.1180776,498
82.13120789,514
82.14433817,458
82.15746845,476
82.17059873,556
82.18372902,517
82.1968593,520
82.20998958,495
82.22311987,499
82.23625015,527
82.24938043,516
82.26251071,482
82.275641,509
82.28877128,500
82.30190156,518
82.31503184,479
82.32816213,488
82.34129241,455
82.35442269,504
82.36755297,461
82.38068326,505
82.39381354,514
82.40694382,528
82.42007411,485
82.43320439,551
82.44633467,532
82.45946495,487
82.47259524,490
82.48572552,493
82.4988558,468
82.51198608,508
82.52511637,490
82.53824665,492
82.55137693,493
82.56450722,503
82.5776375,516
82.59076778,501
82.60389806,505
82.61702835,521
82.63015863,477
82.64328891,512
82.65641919,497
82.66954948,488
82.68267976,529
82.69581004,492
82.70894032,506
82.72207061,529
82.73520089,475
82.74833117,489
82.76146146,484
82.77459174,471
82.78772202,492
82.8008523,470
82.81398259,480
82.82711287,504
82.84024315,483
82.85337343,488
82.86650372,487
82.879634,493
82.89276428,517
82.90589456,548
82.91902485,503
82.93215513,476
82.94528541,495
82.9584157,446
82.97154598,499
82.98467626,465
82.99780654,471
83.01093683,542
83.02406711,487
83.03719739,508
83.05032767,515
83.06345796,493
83.07658824,523
83.08971852,557
83.1028488,498
83.11597909,504
83.12910937,513
83.14223965,491
83.15536994,554
83.16850022,486
83.1816305,506
83.19476078,484
83.20789107,464
83.22102135,494
83.23415163,483
83.24728191,488
83.2604122,478
83.27354248,529
83.28667276,498
83.29980305,521
83.31293333,536
83.32606361,470
83.33919389,495
83.35232418,476
83.36545446,460
83.37858474,463
83.39171502,489
83.40484531,534
83.41797559,482
83.43110587,498
83.44423615,485
83.45736644,487
83.47049672,513
83.483627,510
83.49675729,502
83.50988757,526
83.52301785,484
83.53614813,457
83.54927842,459
83.5624087,470
83.57553898,491
83.58866926,481
83.60179955,508
83.61492983,504
83.62806011,494
83.64119039,474
83.65432068,481
83.66745096,518
83.68058124,512
83.69371153,514
83.70684181,465
83.71997209,476
83.73310237,491
83.74623266,469
83.75936294,481
83.77249322,575
83.7856235,503
83.79875379,487
83.81188407,475
83.82501435,517
83.83814463,458
83.85127492,463
83.8644052,499
83.87753548,524
83.89066577,492
83.90379605,513
83.91692633,468
83.93005661,477
83.9431869,469
83.95631718,487
83.96944746,461
83.98257774,514
83.99570803,538
84.00883831,480
84.02196859,499
84.03509888,494
84.04822916,505
84.06135944,498
84.07448972,520
84.08762001,500
84.10075029,474
84.11388057,522
84.12701085,536
84.14014114,470
84.15327142,495
84.1664017,472
84.17953198,515
84.19266227,498
84.20579255,475
84.21892283,487
84.23205312,522
84.2451834,461
84.25831368,487
84.27144396,469
84.28457425,490
84.29770453,486
84.31083481,496
84.32396509,473
84.33709538,471
84.35022566,474
84.36335594,503
84.37648622,506
84.38961651,486
84.40274679,514
84.41587707,471
84.42900736,546
84.44213764,477
84.45526792,472
84.4683982,498
84.48152849,449
84.49465877,508
84.50778905,474
84.52091933,524
84.53404962,508
84.5471799,517
84.56031018,472
84.57344046,525
84.58657075,495
84.59970103,474
84.61283131,501
84.6259616,476
84.63909188,499
84.65222216,479
84.66535244,456
84.67848273,515
84.69161301,467
84.70474329,475
84.71787357,513
84.73100386,524
84.74413414,498
84.75726442,532
84.7703947,460
84.78352499,529
84.79665527,485
84.80978555,483
84.82291584,469
84.83604612,455
84.8491764,516
84.86230668,494
84.87543697,473
84.88856725,471
84.90169753,498
84.91482781,469
84.9279581,488
84.94108838,476
84.95421866,536
84.96734895,455
84.98047923,498
84.99360951,523
85.00673979,493
85.01987008,492
85.03300036,486
85.04613064,539
85.05926092,467
85.07239121,517
85.08552149,455
85.09865177,517
85.11178205,493
85.12491234,490
85.13804262,480
85.1511729,494
85.16430319,495
85.17743347,503
85.19056375,489
85.20369403,495
85.21682432,513
85.2299546,503
85.24308488,480
85.25621516,504
85.26934545,515
85.28247573,504
85.29560601,509
85.30873629,490
85.32186658,479
85.33499686,498
85.34812714,476
85.36125743,506
85.37438771,516
85.38751799,460
85.40064827,483
85.41377856,513
85.42690884,489
85.44003912,529
85.4531694,506
85.46629969,497
85.47942997,520
85.49256025,531
85.50569053,515
85.51882082,508
85.5319511,514
85.54508138,445
85.55821167,496
85.57134195,506
85.58447223,502
85.59760251,529
85.6107328,505
85.62386308,494
85.63699336,454
85.65012364,496
85.66325393,520
85.67638421,510
85.68951449,476
85.70264478,496
85.71577506,452
85.72890534,491
85.74203562,504
85.75516591,488
85.76829619,504
85.78142647,471
85.79455675,507
85.80768704,539
85.82081732,515
85.8339476,483
85.84707788,503
85.86020817,460
85.87333845,536
85.88646873,485
85.89959902,500
85.9127293,482
85.92585958,474
85.93898986,450
85.95212015,538
85.96525043,504
85.97838071,507
85.99151099,505
86.00464128,519
86.01777156,466
86.03090184,458
86.04403212,504
86.05716241,470
86.07029269,502
86.08342297,487
86.09655326,489
86.10968354,464
86.12281382,514
86.1359441,487
86.14907439,497
86.16220467,477
86.17533495,490
86.18846523,543
86.20159552,460
86.2147258,518
86.22785608,490
86.24098636,509
86.25411665,473
86.26724693,474
86.28037721,468
86.2935075,479
86.30663778,465
86.31976806,483
86.33289834,487
86.34602863,457
86.35915891,510
86.37228919,490
86.38541947,482
86.39854976,480
86.41168004,504
86.42481032,514
86.4379406,456
86.45107089,494
86.46420117,501
86.47733145,497
86.49046174,484
86.50359202,505
86.5167223,479
86.52985258,492
86.54298287,492
86.55611315,443
86.56924343,506
86.58237371,476
86.595504,523
86.60863428,499
86.62176456,527
86.63489485,506
86.64802513,491
86.66115541,469
86.67428569,497
86.68741598,495
86.70054626,471
86.71367654,522
86.72680682,530
86.73993711,489
86.75306739,481
86.76619767,526
86.77932795,516
86.79245824,489
86.80558852,473
86.8187188,508
86.83184909,509
86.84497937,500
86.85810965,523
86.87123993,453
86.88437022,500
86.8975005,475
86.91063078,486
86.92376106,498
86.93689135,531
86.95002163,499
86.96315191,510
86.97628219,513
86.98941248,524
87.00254276,470
87.01567304,473
87.02880333,533
87.04193361,483
87.05506389,457
87.06819417,549
87.08132446,482
87.09445474,483
87.10758502,532
87.1207153,470
87.13384559,493
87.14697587,482
87.16010615,475
87.17323643,492
87.18636672,542
87.199497,451
87.21262728,541
87.22575757,502
87.23888785,514
87.25201813,484
87.26514841,466
87.2782787,493
87.29140898,482
87.30453926,504
87.31766954,478
87.33079983,472
87.34393011,492
87.35706039,499
87.37019068,475
87.38332096,460
87.39645124,482
87.40958152,520
87.42271181,485
87.43584209,516
87.44897237,468
87.46210265,460
87.47523294,497
87.48836322,509
87.5014935,482
87.51462378,489
87.52775407,497
87.54088435,503
87.55401463,505
87.56714492,482
87.5802752,536
87.59340548,469
87.60653576,505
87.61966605,535
87.63279633,480
87.64592661,502
87.65905689,517
87.67218718,448
87.68531746,513
87.69844774,499
87.71157802,510
87.72470831,495
87.73783859,530
87.75096887,506
87.76409916,471
87.77722944,459
87.79035972,497
87.80349,484
87.81662029,484
87.82975057,543
87.84288085,491
87.85601113,503
87.86914142,509
87.8822717,472
87.89540198,515
87.90853226,508
87.92166255,484
87.93479283,526
87.94792311,512
87.9610534,478
87.97418368,480
87.98731396,513
88.00044424,536
88.01357453,480
88.02670481,503
88.03983509,528
88.05296537,481
88.06609566,537
88.07922594,513
88.09235622,555
88.1054865,518
88.11861679,456
88.13174707,432
88.14487735,446
88.15800764,500
88.17113792,449
88.1842682,456
88.19739848,493
88.21052877,465
88.22365905,472
88.23678933,503
88.24991961,497
88.2630499,548
88.27618018,529
88.28931046,463
88.30244075,459
88.31557103,479
88.32870131,493
88.34183159,423
88.35496188,481
88.36809216,498
88.38122244,513
88.39435272,505
88.40748301,501
88.42061329,521
88.43374357,528
88.44687385,483
88.46000414,505
88.47313442,532
88.4862647,438
88.49939499,483
88.51252527,499
88.52565555,475
88.53878583,479
88.55191612,483
88.5650464,491
88.57817668,536
88.59130696,510
88.60443725,494
88.61756753,511
88.63069781,492
88.64382809,525
88.65695838,477
88.67008866,489
88.68321894,477
88.69634923,537
88.70947951,483
88.72260979,477
88.73574007,474
88.74887036,509
88.76200064,470
88.77513092,492
88.7882612,511
88.80139149,504
88.81452177,490
88.82765205,499
88.84078233,461
88.85391262,511
88.8670429,491
88.88017318,525
88.89330347,480
88.90643375,428
88.91956403,494
88.93269431,484
88.9458246,490
88.95895488,445
88.97208516,492
88.98521544,472
88.99834573,499
89.01147601,506
89.02460629,526
89.03773658,453
89.05086686,474
89.06399714,487
89.07712742,458
89.09025771,471
89.10338799,475
89.11651827,542
89.12964855,507
89.14277884,493
89.15590912,521
89.1690394,499
89.18216968,506
89.19529997,461
89.20843025,496
89.22156053,455
89.23469082,516
89.2478211,514
89.26095138,453
89.27408166,465
89.28721195,517
89.30034223,473
89.31347251,460
89.32660279,447
89.33973308,473
89.35286336,502
89.36599364,462
89.37912392,507
89.39225421,501
89.40538449,476
89.41851477,459
89.43164506,488
89.44477534,493
89.45790562,505
89.4710359,460
89.48416619,518
89.49729647,473
89.51042675,484
89.52355703,498
89.53668732,506
89.5498176,491
89.56294788,492
89.57607816,470
89.58920845,488
89.60233873,434
89.61546901,469
89.6285993,477
89.64172958,488
89.65485986,453
89.66799014,484
89.68112043,476
89.69425071,522
89.70738099,461
89.72051127,469
89.73364156,492
89.74677184,539
89.75990212,465
89.7730324,452
89.78616269,478
89.79929297,445
89.81242325,480
89.82555354,465
89.83868382,493
89.8518141,490
89.86494438,478
89.87807467,459
89.89120495,451
89.90433523,508
89.91746551,463
89.9305958,484
89.94372608,524
89.95685636,474
89.96998665,464
89.98311693,510
89.99624721,465